XP_009891467.1	chr5	7.79e-13	71.6	64.583	2	49	68863223	68863080	DYELCSVEMQEKLLPTLHKAITDFHGPNPRESPDFDHVTRDEQFQRIQ	DYVLCSLEMQEKLMPALREAITEFFGSNPRESPDFGRIIGDKQFRRIR
XP_009891467.1	chr5	1.16e-11	68.2	58.333	2	49	68848604	68848461	DYELCSVEMQEKLLPTLHKAITDFHGPNPRESPDFDHVTRDEQFQRIQ	DYVLCSLEMQEKLLLALSKTVTDFYGSNPQKSPDFGRIVGEKHFQRLQ
XP_009891467.1	chr10	1.4	34.7	31.507	35	107	30183392	30183192	DFDHVTRDEQFQRIQPEVPTPGGDAPLALSPVVGGESARVPGQACPGLAMTLSYLFREPATINYPFEKGPLSP	SFTHFVNEESFTELFCQSPEPGGDQFLFQTPAAAGERALAEGFGSVGLLLSHHWF---PASL---FPKGRNTP
XP_009891467.1	chr10	1.6	34.7	29.268	15	96	32514530	32514285	LPTLHKAITDFHGPNPRESPDFDHVTRDEQFQRIQPEVPTPGGDAPLALSPVVGGESARVPGQACPGLAMTLSYLFREPATI	LPS*TKVILNFSPLNKIQNESSSSSLKHIQKSLWNPKIRTPGKTRLLCPCKCVDGSHSAVPGSAWLVLIYTLSLLLKRVSKI
XP_009891467.1	chr7	4.6	33.1	45.455	114	157	37436935	37437057	ALRRYPSGEERCIACKLCEAVCPAQVSLHPPSRRTTRYDIDMTK	SLVAYP--EETCSNCRL-EVNCPGQLSFHHPNRPTSLAKIDDKK
XP_009891467.1	chr24	6.0	32.7	27.848	19	86	1094132	1093896	HKAITDFHGPNPRESPDFD-----------HVTRDEQFQRIQPEVPTPGGDAPLALSPVVGGESARVPGQACPGLAMTL	HGSAGDWLGPQPAETQDFQEFMAENETAVMHLQTAEELERLKAEEDSSNGSSVESLGVCILEEPLAVPEGLCPGLAAPI
XP_009891467.1	chr6	6.0	32.7	38.462	115	166	46298351	46298506	LRRYPSGEERCIACKLCEAVCPAQVSLHPPSRRTTRYDIDMTKCIYCGFCQE	IRTDLSGQDISSVSKTCMAGFPAQKSLHGPSLREHDSGRTHTNICYCGSLQK
XP_009891467.1	chr2	7.9	32.3	26.829	105	183	26141387	26141629	LSPRFRGEHALRRYPSGEERCIACKLCEAVCPAQVSLHPPS---RRTTRYDIDMTKCIYCGFCQEACPVDAIVEGPNFEFST	LWGHLQGQPGLRRWDSQLERVLHLLLCSSGCNAVFSRYLPTFLLQSAHIFHVNRLKRLF-AFCSYGCKVRDVVKSCIHHFSS
XP_009891467.1	VWZL01002709.1	8.1	32.3	38.889	56	104	4114	3953	GGDAPLALSPVVGGESARVPGQACPGLAMTLSYLFREPATINY-----PFEKGP	GGDVPCPLSPSVGGWGKGKPRQGCPGSPSMPSWLSAGGAPRHHRRDQEPLQQGP
XP_009891467.1	chr4	9.8	32.3	41.667	3	37	65639622	65639729	YELCSVEMQEKLLPTLHKAITDF-HGPNPRESPDFD	HHLLSADMREKLLPSLHRSRTDLAEVLNLRQSSAYN
