XP_014821813.1	chr3	8.99e-34	139	100.000	245	310	20747918	20747721	IHQVLKPDGVFIGAMFGGDTLYELRCSLQLAELEREGGFSPHVSPFTAVSDLGHLLSRAGFNTLTV	IHQVLKPDGVFIGAMFGGDTLYELRCSLQLAELEREGGFSPHVSPFTAVSDLGHLLSRAGFNTLTV
XP_014821813.1	chr3	2.48e-21	101	59.140	359	414	20745542	20745264	EMYGNSDGSVPATFQIYYMIGWKFHESQ-------------------------------------ARPAQRGSATVSFGDLAKIDGLLSRGKK	EMYGNSDGSVPATFQIYYMIGWKFHESQVM*S*TIFCLKVCFKSFLQNILS*N*PYLFFFFLFS*ARPAQRGSATVSLGDLAKIDGLLSRGKK
XP_014821813.1	chr3	1.80e-12	63.5	68.889	197	235	20750293	20750159	KNTVKSEIPTISVVADEEFLPFKEDTFDLVVSSLS------LHWV	KNTVESEIPTVNVIADEEFLPFKEDTFDLVLSSLRYALVVYLHFI
XP_014821813.1	chr3	1.80e-12	32.0	64.000	178	202	20750454	20750380	LTKETVEKLIQVDIAENALKNTVKS	LFQEAVEKLFQVDIAENALVSSFLS
XP_014821813.1	chr3	5.17e-09	63.5	90.323	331	361	20745948	20745856	GMGESNCSWNRKPLLHRETMLAAAAIYREMY	GMGESNCSWNRKPLLHRETMLAAAAIYQGKY
XP_014821813.1	chr3	7.48e-08	59.7	90.000	117	146	20751711	20751622	PFDRRLKRKQKNWAALQAEPGKCDYLREEV	PFDRQLKRKQKNWAALQAEPAKYDYLREEV
XP_014821813.1	chr3	1.46e-04	49.3	100.000	159	180	20751174	20751109	RTFPLALDVGSGRGYIAQHLTK	RTFPLALDVGSGRGYIAQHLTK
XP_014821813.1	chr3	5.05e-04	47.4	100.000	311	331	20747255	20747193	DTDEIQVNYPGLFEVMEDLQG	DTDEIQVNYPGLFEVMEDLQG
XP_014821813.1	chr3	3.5	35.0	81.250	230	245	20749719	20749672	LSLHWVNDLPKAFREI	FSLHWVNDLPRAFREV
XP_014821813.1	chr9	0.88	37.0	35.065	205	280	41278747	41278523	PTISVVADEEFLPFKEDTFDLVVSSLSLHWVNDLPKAFREIHQVLKPDGVFIGAMFGGDTLYEL-RCSLQLAELERE	PLSSVCPAEE-LPFEDASVDLLASFTAAHWF-DTEKFMREAKRVVKPGGCVAISTYTLDVSVRYGNCSEKLTKVFRE
XP_014821813.1	chr9	8.8	28.9	33.333	319	369	30486797	30486600	YPGLFEVMEDLQ-----------GMGESNCSWNRKPLLHRETMLA-AAAIYREMY---GNSDGSVP	YQCLFRVISVIRTVLL*MPTYCSGQNISNCIWNTGTLITFSTALAHTKAAYRVSYTSFTNTKGSYP
XP_014821813.1	chr9	8.8	21.6	50.000	285	304	30486859	30486800	PHVSPFTAVSDLGHLLSRAG	PHTSTFPAVSSLDHFQPLVG
XP_014821813.1	chr1	7.6	33.9	39.623	224	276	115347764	115347630	DLVVSSLSLHWVNDLPKAFREIHQVLKPDGVFIGAMFGGDTLYELRCSLQLAE	SLVQAVISLHWLSDLSLWMR------CPEGVFPWA--GADFCTELACTYKVAE
