XP_009893646.1	chr5	1.79e-24	97.8	88.235	1	51	5791289	5791137	MVNFAQAVRDHWVHILVPLGFVIGCYLDRWNDEKLSAFRNKSLLYQRELKP	MVNFAQAVRDHWVHILVPLGFVIGCYLDRMNDEKLSAFRNKSQLYRRSASP
XP_009893646.1	chr5	4.8	28.9	92.308	46	58	5790330	5790292	QRELKPGEEVTWK	RRELKPGEEVTWK
XP_009893646.1	chr5	5.2	28.5	38.298	18	55	7996548	7996408	PLGFVI---GCYLDRWNDEKLSAFRN---KSLLYQREL---KPGEEV	PLGSPVRTGGCFSCRWNEEKTGHRESGFVRTLEIERELRLSRPGREV
XP_009893646.1	chr6	0.54	31.6	33.333	23	58	3985156	3985257	IGCYLDRWNDEKLSAFRNKSLLYQRELKPGEEVTWK	VGCFFQRYHSSKLSS--TTEMAYSRQFTPYDELTFK
XP_009893646.1	chr6	2.7	29.3	43.750	10	39	31574809	31574714	DHWVHILVPLGFVIG--CYLDRWNDEKLSAFR	DHWEHGQVASSTSLKSWCYCPRWDEEKLSCVR
XP_009893646.1	chr2	0.75	30.8	43.750	20	50	34793699	34793604	GFVIGCYL-DRWNDEKLSAFRNKSLLYQRELK	G*IIGCYI*GRWNNGKYGTFNNITEMTTKELK
XP_009893646.1	chr2	5.0	28.5	30.769	20	58	6924665	6924781	GFVIGCYLDRWNDEKLSAFRNKSLLYQRELKPGEEVTWK	GLIILCFLSKHTDQKAQATSRALTLYASQVSPGNQLQNK
XP_009893646.1	chr4	5.6	28.5	48.000	2	26	21315692	21315766	VNFAQAVRDHWVHILVPLGFVIGCY	IHVCQAVADIWVKEAVKMGNIIGCY
XP_009893646.1	chr3	6.9	28.1	44.118	14	47	12758000	12757914	HILVPLGFVIGCYLDRWNDEKLSAFRNKSLLYQR	HTALALPFLGGCYTVRWSD-----ITNKQLLCQR
XP_009893646.1	VMED01000038.1	8.5	28.1	34.286	16	50	108607	108503	LVPLGFVIGCYLDRWNDEKLSAFRNKSLLYQRELK	LIPIGWLVGLFFLRSHSEKLHVRRGYVVWWWRELE
