XP_014806153.1	chr3	6.72e-40	154	84.884	266	351	56957415	56957158	TLFPESGRLKRTEQLMMTANVDPTLRPFQLSMSHFRNLCDTYRKMCDEDPSLFVYNYREELRQKKMRRNLLKSTGQPDEIEEEDQL	TLFPESGRLKRTEQLMMTANVDPTLRPFQLSMSQFRNLCNTYRKMCDEDPGLLVYDYREELRQKKLMRNLQKSTSQCNQIEEEDEL
XP_014806153.1	chr3	5.77e-24	108	98.039	132	182	56975781	56975629	EPPDIHIIGNLPFSVSTPLIIKWLENVSKKDGPFIYGRTQMTLTFQKEVAE	EPPDIHIIGNLPFSVSTPLIIKWLENVSKKDGPFIYGRTQMTLTFQREVAE
XP_014806153.1	chr3	1.14e-23	107	82.540	34	96	56981486	56981298	SQNFLLDLRLTDKIVRQAGELKNARVCEVGPGPGGITRSILSAGVEQLLLIEKDARFIPGLQM	NKGLVCSLCLADKIVRQAGELKNAHVCEVGPGPGGITRSILSAGVEQLLLIEKDARFIPGLQV
XP_014806153.1	chr3	2.00e-16	85.5	95.349	223	265	56960266	56960138	VDVAVVHFTPLVQPKIQQPFALVEKVVRSVFQFRRKYCFRGIE	VDVAVVHFTPLVEPKIQQPFQLVEKVVRSVFQFRRKYCFRGIE
XP_014806153.1	chr3	8.16e-16	83.6	84.444	183	227	56970925	56970791	RLTANPGGKQRSRLSVMAQHLCTVENRFVIPGQAFVPKPEVDVAV	RLTANPGGRQRSRLSIMSQHLCTVENCFVIPGQAFVPKPEVSFDV
XP_014806153.1	chr3	8.47e-16	83.6	71.667	72	131	56977680	56977525	SILSAGVEQLLLIEKDARFIPGLQMLSEAAPGKVRIVHGDILTYKMEKAFPKHLKKNWED	SLVNAHCEFCLLAYK--------QMLSEAAPGKVRIVHGDILTYKMEKAFPKHLKKNWED
XP_014806153.1	chr3	3.58e-15	81.6	93.182	1	44	56983116	56982985	MAVPRKVAAFHLPPLPTVGEIIKLFRLKAQKQLSQNFLLDLRLT	MAVPGKVSAFRLPPLPTVGEIIKLFRLKAQKQLSQNFLLDLRLT
XP_014806153.1	chr3	9.0	33.5	35.294	46	96	38167800	38167949	KIVRQAGELKNARVCEVGPGPGGITRSILSAGVEQLLLIEKDARFIPGLQM	KSLRKKCTLKKK*IYFLPSGPGILTRTLLNAGV-RVVALESNSAFLPNLQV
XP_014806153.1	chr14	2.6	35.0	28.440	176	270	4238950	4239222	FQKEVAERLTANPG------------GKQRSRLSVMAQHLCT--VENRFVIPGQAFVPKPEVDVAVVHFTPLVQPKIQQPFALVEKVVRSVFQFRRKYCFRGIETLFPE	FQKSVMEHWSKSPGHCPK*L*TFT*CGLQVSFPVLLS*RTCSTLLENRHLCPAQGLYQPPELYHSLVNFT---------AFGAVSMEV---------HCFIGISSMFPE
XP_014806153.1	chr15	5.8	33.9	29.231	61	180	5086355	5085984	EVGPGPGGITRSIL--SAGVEQLLLIEKDARFIPGLQMLSEAAPG-----KVRIVHGDILTYKMEKAFPKHLKKNWEDEPPDIHIIGN---LPFSVSTPLIIKWLENVSKKDGPFIYGRTQMTLTFQKEV	ELVPGEGGHRRSALLSGGGVGDL----PDTRWEAGLCPEAEAGADLGEQLKLRFVHSPHHRFKEVNGFPAHTKSWG*IAPPPVARWQNQSVQPFHQNNPVLLQ--ETSHGQASP*IIGNNVLIVWIDAEV
