XP_014818157.1	chr11	3.83e-33	97.4	93.478	548	593	26083159	26083296	YELAEFQTCEVQHCKNAFACSMVHKSGWKVVYSGDTMPCMALVQMG	YILVQFQTCEVQHCKNAFACSMVHKSGWKVVYSGDTMPCMALVQMG
XP_014818157.1	chr11	3.83e-33	68.9	83.784	519	555	26082992	26083102	KMIPSQSLVKGCENIKPKAKWFVSSLLESYELAEFQT	RMIPSQSLVKGCENIKPKAKWFVGSLLESYDLAEVSS
XP_014818157.1	chr11	6.52e-33	142	60.938	279	374	26078648	26079031	RFGSGTQHLVLNENSSAVHNARSYKIQTQLNLIHPEIFPLLTTYQSK-------------------------EEAAVCSVPIVRGECLLKYHFRPQQEWQRD-------AVTVCDHDAFVSEALDLPD	RFGPGTQHLVLNENSSAVHNPRSYKIQTQLNLIHPEIFPLLTTYQSKVGKALLPAYLTPLSKECVQCYSSL*EEEAVCSVPIVRGECLLKYHFRPQQEWQRSVGIFGFPVFGCCLETAFRYESVARED
XP_014818157.1	chr11	3.93e-25	117	87.059	663	747	26085169	26085423	FDHMRVRFGDFPTIPKLIPPLKALFADDIVEMEERKEKREMRLLKETSVALDKLAGGENKEASCQKRKQAKNHQELSNKKLKTVN	FDVFQVRFGDFPTIPKLIPPLKALFADDIVEMEERKEKREMRLLKETAIVLEKVAAGENKEEPCQKRKQAKNHQELSNKKLKTVN
XP_014818157.1	chr11	4.85e-22	107	100.000	619	668	26084347	26084496	STTSQAIQTGMKMNAEFIMLNHFSQRYAKIPLFSEDFSEKVGIAFDHMRV	STTSQAIQTGMKMNAEFIMLNHFSQRYAKIPLFSEDFSEKVGIAFDHMRV
XP_014818157.1	chr11	1.67e-18	95.9	90.741	92	145	26074934	26075095	TGKPLAAESPLPRSPGASTQGGNSPKGDTEPGSPSVAQQSLEEGKEKESPKKTG	TGKPLAAESPLPQSPGASTQGGNSPKGDTGSGSPRTAQQSLEEGKEKESPKKTG
XP_014818157.1	chr11	4.50e-16	88.2	97.436	431	469	26081454	26081570	DCGEGTFGQLCRHYGEQIDQVLCNIVAVFVSHMHTDHHS	DCGEGTFGQLCRHYGEQVDQVLCNIVAVFVSHMHTDHHS
XP_014818157.1	chr11	2.78e-13	79.0	92.308	354	392	26079999	26080115	RDAVTVCDHDAFVSEALDLPDFQTRVKECKESLSSVPGN	RDAVTVCDHDAFVSEALDLPDFQTRVKECKESLAAVPGK
XP_014818157.1	chr11	2.80e-13	79.0	89.744	208	246	26077585	26077701	ELFPEELCTPADPGPVFIVLECPHEGFVDAICENATFRR	QLLPEELCTPADPGPVFIVLECPHEGFVDAICENETFQR
XP_014818157.1	chr11	1.92e-12	76.3	57.333	164	209	26076336	26076560	KIHPKKGKFLAAKAQEMGLPV-----------------------------GTPAILPIITALKNGESITWEGREL	QIHPKKGKFLAAKAQEMGLPV*VQNPSLRMGQLQAC*C*QTKYFYCLVFRGTPAILPIITALKNGESITFEGREV
XP_014818157.1	chr11	3.09e-12	75.5	88.889	246	281	26078336	26078443	RYQEGLPENQVALVIHMTPESVLRDSRYQQWMERFG	RYQEGLPENQVALVIHMTPETVLRDSRYQQWLERYA
XP_014818157.1	chr11	1.07e-08	63.9	90.000	490	519	26082445	26082534	SPLFLVAPEQIMPWLHEYHNHCEEILGDIK	SPLFLIAPEQITPWLQEYHNHCEEILGDIK
XP_014818157.1	chr11	1.21e-05	53.9	82.759	1	29	26072304	26072390	MQEHKLKISHLDSIFLSRVAWANVGGLPG	ISPFRLKISHLDSIFLSRVAWANVGGLPG
XP_014818157.1	chr11	3.13e-05	52.8	75.000	63	94	26074337	26074432	PLKRMDLAVQLHTEPEYKDETMTVHQIPLTGK	PVSDLFSAVQLHTEPEYKDETMTVYQIPLTGE
XP_014818157.1	chr11	5.79e-04	48.5	95.833	27	50	26073087	26073158	LPGMILTLKAMGLQRCVFLGPPKL	LLGMILTLKAMGLQRCVFLGPPKL
XP_014818157.1	chr11	6.97e-04	48.1	95.652	390	412	26080905	26080973	PGNVDAYPEIVFLGTGSAIPMKI	PGNVGAYPEIVFLGTGSAIPMKI
XP_014818157.1	chr11	0.014	43.9	90.476	51	71	26073810	26073872	QNYLKAIRLFPGPLKRMDLAV	QNYLKAIRLFPGPLKRMDLGM
XP_014818157.1	chr11	5.5	35.4	71.429	145	165	26075600	26075662	GYEQKCPSRHPDLVMAFLCKI	GDKQTRASRHPDLVMAFLCKV
XP_014818157.1	chrZ	2.82e-04	49.7	39.189	574	645	2552226	2552005	GWKVVYSGDTMPCM--ALVQMGKNATLLIHEATLEDGMEKEAIEKTHSTTSQAIQTGMKMNAEFIMLNHFSQRY	GRKICILGDCSGVVGDAAVKLCREADVLIHEATLDDTQEEKAREHGHSTPKMASDFAKLCKVKKLVLTHFSQRY
