XP_014814839.1	VWZL01005027.1	7.06e-107	175	73.282	89	189	770	378	KVALVYGQMNEPPGARARVALTGLTVAEYFRDQEGQDVLLFIDNIFRFTQAGSEV------------------------------SALLGRIPSAVGYQPTLATDMGTMQERITTTRKGSITSVQAIYVPA	QVALVYGQMNEPPGARARVALTGLTVAEYFRDQEGQDVLLFIDNIFRFTQAGSEVCAGSWG*AWWGPGPRLTPPLTDSVPPPPQVSALLGRIPSAVGYQPTLATDMGTMQERITTTRKGSITSVQVRAGPA
XP_014814839.1	VWZL01005027.1	7.06e-107	147	100.000	183	254	318	103	QAIYVPADDLTDPAPATTFAHLDATTVLSRAIAELGIYPAVDPLDSTSRIMDPNIVGPEHYDVARGVQKILQ	QAIYVPADDLTDPAPATTFAHLDATTVLSRAIAELGIYPAVDPLDSTSRIMDPNIVGPEHYDVARGVQKILQ
XP_014814839.1	VWZL01005027.1	7.06e-107	110	96.429	38	93	999	832	TVLIMELINNVAKAHGGYSVFAGVGERTREGNDLYHEMIESGVINLKDATSKVALV	TVLIMELINNVAKAHGGYSVFAGVGERTREGNDLYHEMIESGVINLKDATSKVRWV
XP_014814839.1	VWZL01005027.1	0.069	40.8	86.364	1	22	1354	1289	MSVAEEILVKGIKVVDLLAPYA	MSVEQEILVTGIKVVDLLAPYA
XP_014814839.1	VWZL01003875.1	2.96e-13	77.0	57.778	340	429	10156	9890	PPAAPTDAGEGVMKSPPGFRHGPCHELLLLKRHVLPGVWWHRPFRRGRQNRCHLGRRQVGCAGQDGVSPAMAPHGVSLRVPNSTRGSRLI	PAVAPADAGEGVMKSPPGFRHGPCHE-LLLKRCVCRACGGIGPSGEVSGAGGHRGWRQVGRAGQDGETPAMPSHGGVPAGPCQHRGSCLI
XP_014814839.1	chr9	2.12e-06	55.1	52.830	201	253	22155957	22155799	FAHLDATTVLSRAIAELGIYPAVDPLDSTSRIMDPNIVGPEHYDVARGVQKIL	FECIDATTVLSRAIAELGVFSAIALLDSALQIKYPNPIDL*YYDVSCATKKIL
XP_014814839.1	chr9	0.048	41.2	55.263	142	179	22156444	22156331	EVSALLGRIPSAVGYQPTLATDMGTMQERITTTRKGSI	QVYVLLAHIISPVRCQPLLATDMDPVQERIAATQKGSL
XP_014814839.1	chr10	5.8	34.3	45.000	361	397	99075	99194	GPCHELLLLKRHVLPGVWWHRPFRRGRQNRCHLG---RRQ	GPCSSVLLLPQQAMPGASCHDPSRKGGRSRTHSGHQERRQ
XP_014814839.1	chr6	7.9	33.9	34.940	355	429	29926098	29926343	PPGFRHGPCHELLLLKRHVLPGVWWHRPFRRGRQN---RCHLGRRQVGCAGQDGVSPAMAPHGVSL-----RVPNSTRGSRLI	PPGQSYGSWTTVLLAPGAALPGA-WAVPGGRGRWTDSMEASGGRCQCGQAGEDGIEQPPSPPAPSPI*PGGRIPAGSQGSSII
XP_014814839.1	chr1	8.3	33.9	37.500	105	152	86630813	86630673	ARVALTGLTVAEYFRDQEGQDVLLFIDNIFRFTQAGSEVSALLGRIPS	AVVFVLGITLSEYFRDM-GYHVSMMADSTSRWAEALREISGRLAEMPA
