XP_014809478.1	chrZ	1.83e-49	121	71.084	385	465	12409667	12409915	FSFEVEKEIFALKPMNCP--GHCLMFDHRPRSWRELPLRLADFGVLHRNELSGALTGLTRVRRFQQDDAHIFCAMEQIEEEIK	FSLAILCRILILDKLQVITFSFSLMFDHRPRSWRELPLRLADFGVLHRNELSGALTGLTRVRRFQQDDAHIFCAMEQVWAAVK
XP_014809478.1	chrZ	1.83e-49	99.4	97.872	459	505	12409983	12410123	QIEEEIKSCLQFLRTVYDVFGFSFKLNLSTRPEKYLGDIEVWNQAEK	KIEEEIKSCLQFLRTVYDVFGFSFKLNLSTRPEKYLGDIEVWNQAEK
XP_014809478.1	chrZ	6.27e-30	132	93.939	35	100	12401918	12402115	LNPWPAFINERLEMYNKLKAEHDALLAERAANSSKAIKVTLPDGKQIDAESWKTTPYQIACGISQG	LNPWPAFINERLEMYNKLKAEHDALLAERAANDSKAIKVTLPDGKQVDAESWKTTPYQIACGIRYG
XP_014809478.1	chrZ	3.36e-27	124	86.364	339	404	12408994	12409191	YIYNTLIEFIRSEYRKRGFQEVVTPNVFNSKLWMTSGHWQHYSDNMFSFEVEKEIFALKPMNCPGH	YFFYVLGLLF*SEYRKRGFQEVVTPNVFNSKLWMTSGHWQHYSDNMFSFEVEKEIFALKPMNCPGH
XP_014809478.1	chrZ	8.00e-22	106	83.607	268	328	12407219	12407398	NSSTYWEGKADMESLQRIYGISFPDAKMLKEWEKFQEEAKNRDHRKIGRDQELFFFHELSP	NSSTYWEGKADMESLQRIYGISFPDAKMLKEWEKFQEEAKSRDHRKIGRVRH-FFLVDVTP
XP_014809478.1	chrZ	2.22e-18	95.5	90.385	660	711	12416593	12416748	FILVVGEKEKASGTVNIRTRDNKVHGERTVADTVKRLLELKCSRSRQAEEEF	LLLVVGEKEKASETVNIRTRDNKVHGERTIADTVKRLLELKRSRSRQAEEEF
XP_014809478.1	chrZ	7.53e-18	94.0	89.583	140	187	12405094	12405237	VYWHSSAHIMGEAMERIYGGCLCYGPPIENGFYYDMFLEEGGVSSNDF	VYWHSSAHIMGEAMERIYGGCLCYGPPIENGFYYDMFLEEG*VLYFSF
XP_014809478.1	chrZ	6.15e-17	90.9	88.000	91	140	12403099	12403248	YQIACGISQGLADNTVIAKVNKMVWDLDRPLEEDCTLELLKFEDEEAQAV	YTMYLFCSQGLADNTVIAKVNKMVWDLDRPLEEDCTLELLKFEDEEAQAV
XP_014809478.1	chrZ	5.61e-14	81.3	97.368	625	662	12415172	12415285	VRQQFHDAGLMADVDVDPGCTLNKKIRNAQLAQYNFIL	VRQHFHDAGLMADVDVDPGCTLNKKIRNAQLAQYNFIL
XP_014809478.1	chrZ	2.75e-13	79.0	100.000	565	600	12413569	12413676	SHDGNDKTRPVIIHRAILGSVERMIAILTENYGGKW	SHDGNDKTRPVIIHRAILGSVERMIAILTENYGGKW
XP_014809478.1	chrZ	1.53e-12	76.6	97.436	181	219	12405435	12405551	GVSSNDFSALETLCKKIMKEKQAFERLEVKKETLLEMFK	GVSSNDFSALEALCKKIMKEKQAFERLEVKKETLLEMFK
XP_014809478.1	chrZ	4.29e-12	75.1	67.857	510	564	12413274	12413441	SLNDFGEKWELNPGDG-AFYGPKIDIQIKDAIGRYHQCATIQLDFQLPVRFNLTFV	SLLSEGHPCILNCSKSLCLFVSQIDIQIKDAIGRYHQCATIQLDFQLPVRFNLTFV
XP_014809478.1	chrZ	1.18e-11	73.6	97.059	316	349	12408189	12408290	RDQELFFFHELSPGSCFFLPKGAYIYNTLIEFIR	QDQELFFFHELSPGSCFFLPKGAYIYNTLIEFIR
XP_014809478.1	chrZ	4.13e-10	68.6	50.667	208	255	12406385	12406609	EVKKETLLEMFKYNKFKCRILNEKVTTPTTTVY---------------------------RCGPLIDLCRGPHVR	EVNKYVCCFSSQYNKFKCRILNEKVNTPTTTVYR*LHVHSNIAGCIFL**NIPNECFAILRCGPLIDLCRGPHVR
XP_014809478.1	chrZ	6.25e-08	61.6	83.871	506	536	12410816	12410908	QLENSLNDFGEKWELNPGDGAFYGPKIDIQI	QLENSLNDFGEKWELNPGDGAFYGPKVSMLL
XP_014809478.1	chrZ	1.88e-06	56.6	100.000	601	625	12414356	12414430	PLWLSPQQVMVVPVGPTCDEYAQKV	PLWLSPQQVMVVPVGPTCDEYAQKV
XP_014809478.1	chrZ	2.03e-04	50.1	71.429	7	41	12400939	12401043	QANAGEEKKADCGKKKVKEGAGDGGRTELNPWPAF	QVNAVEEKKADCGKKKMKEVAGDGGRTEVSCALAM
XP_014809478.1	chr23	1.12e-40	105	58.696	406	472	1842333	1842608	LMFDHRPRSWRELPLRLADFGVLHRNELSGALTGLTRVRRFQQDDAHIFCAMEQI-------------------------EEEIKSCLQFLR	LMFAHRPRSWRELPLRLADFGVLHRNENPDTLTGLTRVRRFQQDDAHIFCTLEQVSVPTGVPWVSPHTVSPPPLTPRPQLEAEIDACLDFVR
XP_014809478.1	chr23	1.12e-40	86.3	64.286	349	404	1842086	1842253	RSEYRKRGFQEVVTPNVFNSKLWMTSGHWQHYSDNMFSFEVEKEIFALKPMNCPGH	QSEYQARGFCEVVTPNVFSPRLWELSGHWEHYSTHMFSFTAGTETLSLKPMNCPAH
XP_014809478.1	chr23	3.00e-15	85.5	28.218	95	244	1840376	1840975	CGISQGLADNTVIAKVNKMVWDLDRPLEEDCTLELLKFEDEEAQAV---------------------------YWHSSAHIMGEAMERIYGGCLCYGPPIENGFYYDMFLEE--GG-----------------------VSSNDFSALETLCKKIMKEKQAFERLEVKKETLLEMFKYNKFKCRILNEKVTTPTTTVYRCGP	CPCRGGLAEAALVARVNGTLQDLDQPLECDTDLELLDFSTPEGQAVSPGGHRDGPMPCTPHSLSPMSAVSPQAFWRSGACVLGAVVEQFYGATFCRAQATEDGFFCDVHMGDR*GGSGGTHAGPLWGAVSPAHPRARRTVQRGELPALEDACVAFARASHRFERLEATRQQLAELFKVRPAACPLLS--VSSPHPGMGQGGP
XP_014809478.1	chr8	3.20e-23	111	76.812	406	474	26453526	26453726	LMFDHRPRSWRELPLRLADFGVLHRNELSGALTGLTRVRRFQQDDAHIFCAMEQIEEEIKSCLQFLRTV	LMFAHRPRSWREMPLRLADFGVLHRNELSGTLSGLTRVRRFQQDDAHIFCTIEQVXR--KSTLSLPLTV
XP_014809478.1	chr8	2.42e-20	102	71.186	351	409	26452815	26452991	EYRKRGFQEVVTPNVFNSKLWMTSGHWQHYSDNMFSFEVEKEIFALKPMNCPGHCLMFD	EYHRRNFTEVVSPNIFSSKLWEASGHWQHYSENMFSFEIEKETFALKPMNCPGHWFVLS
XP_014809478.1	chr8	6.20e-20	100	65.753	268	335	26451088	26451306	NSSTYWEGKADMESLQRIYGISFPDAKMLKEWEKFQEEAKNRDHRKIGRDQELFFFHELSP-----GSCFFLP	NSSTYWEGKSDMETLQRIYGISFPDNKMMKEWEKFQEEARNRDHRKIGKVQCFMVYFSFMLL**Y*FSCWFFP
XP_014809478.1	chr8	1.01e-17	62.8	73.684	625	662	26458185	26458298	VRQQFHDAGLMADVDVDPGCTLNKKIRNAQLAQYNFIL	VCSEFFEAGFMSDVDLDQSCTLNKKIRNAQLAQYNFIL
XP_014809478.1	chr8	1.01e-17	52.0	56.098	661	701	26458417	26458539	ILVVGEKEKASGTVNIRTRDNKVHGERTVADTVKRLLELKC	LAVVGEKEKANNAVNVRTRDNKVHGEISVSSAIEKLKKFKS
XP_014809478.1	chr8	2.95e-15	85.5	64.407	39	97	26445472	26445648	PAFINERLEMYNKLKAEHDALLAERAANSSKAIKVTLPDGKQIDAESWKTTPYQIACGI	PSFIEDRLKLYEALKKEHDALLAYRVANESKPIKITLTDGKMAEGESWKTTPYQLAVGV
XP_014809478.1	chr8	7.72e-15	84.0	57.333	140	211	26447430	26447651	VYWHSSAHIMGEAMERIYGGCLCYGPPIENGFYYDMFLEE---GGVSSNDFSALETLCKKIMKEKQAFERLEVKK	VYWHSSAHILGEAMEGYFGGCLCYGPPIENGFYYDMYIEDR*NFSV*EL*YSVLK-LSTKIIFAQSSFCMLKVKS
XP_014809478.1	chr8	4.40e-13	78.2	62.500	457	512	26454523	26454690	MEQIEEEIKSCLQFLRTVYDVFGFSFKLNLSTRPEKYLGDIEVWNQAEKQLENSLN	MFKIEEEIKGCLDFLKSVYAVFGFSFQLHLSTRPENYLGELEIWDRAEKVIHLKAN
XP_014809478.1	chr8	5.00e-12	74.7	62.000	515	564	26455220	26455369	GEKWELNPGDGAFYGPKIDIQIKDAIGRYHQCATIQLDFQLPVRFNLTFV	GQEYRQTIFNNCYFASQIDIKIKDAIGRYHQCATIQLDFQLPIRFNLTYV
XP_014809478.1	chr8	1.47e-10	70.1	88.889	565	600	26456479	26456586	SHDGNDKTRPVIIHRAILGSVERMIAILTENYGGKW	SKDGDDKKRPVIIHRAILGSVERMIAILAENYGGKW
XP_014809478.1	chr8	1.82e-09	66.6	68.085	98	144	26446161	26446301	SQGLADNTVIAKVNKMVWDLDRPLEEDCTLELLKFEDEEAQAVYWHS	SQALASNAVIAKVNGELWDLDRPLEGNCTLELLTFDNEEAKAVSKYS
XP_014809478.1	chr8	7.32e-09	64.7	78.788	317	349	26452380	26452478	DQELFFFHELSPGSCFFLPKGAYIYNTLIEFIR	EQELFFFHDLSPGSCFFLPRGAFLYNTLVDFIR
XP_014809478.1	chr8	1.19e-07	60.5	73.171	181	221	26448356	26448478	GVSSNDFSALETLCKKIMKEKQAFERLEVKKETLLEMFKYN	GVSSTEFPLLENRCKNIIKEKQAFERLEVKKEILLDMFKVN
XP_014809478.1	chr8	6.93e-06	54.7	81.481	506	532	26455107	26455187	QLENSLNDFGEKWELNPGDGAFYGPKI	QLQNSLNNFGEQWNLNPGDGAFYGPKV
XP_014809478.1	chr8	0.002	46.6	86.957	219	241	26449106	26449174	KYNKFKCRILNEKVTTPTTTVYR	QYNKFKCRILNEKVNTPTTTIYR
XP_014809478.1	chr8	0.003	46.2	73.077	601	626	26457382	26457459	PLWLSPQQVMVVPVGPTCDEYAQKVR	PFWLSPRQVMVVPVGPASEEYARQVR
XP_014809478.1	chr8	0.060	42.0	94.118	239	255	26449786	26449836	VYRCGPLIDLCRGPHVR	LYRCGPLIDLCRGPHVR
XP_014809478.1	chr12	8.14e-07	57.8	23.476	316	613	29144879	29143956	RDQELFF----FHELSPGSCFFLPKGAYIYNTLIEFIRSEYRKRGFQEVVTPNVFNSKLWMTSGHWQHYSDNMFSF-EVEKEIFALKPMNCPGHC-LMFDHRPRSWRELPLRLADFGVLHRNELSGALTGLTRVRRFQQDDAHIFCAMEQIEEEIKS--CLQFLRTVYDVFGFSF-KLNLSTRPEKYLGDIEVWNQAEKQLENSLNDFGEKWELNPGDGAFYGPKIDIQIKDAIGRYHQCAT------------IQLDFQLPVRF----NLTFVSHDGNDKTRPVIIHRAILG-SVERMIA----ILTENYGGKWPLWLSPQQVMVVP	RSQKLMLQGGLIHPASPGCYYYLPPTVRAMEKLVKVMDEEMQAVGGQKLNMPSLSSAELWRASGRWEQMGPELFRLTDRHGKHYCLGPTHEEAVTELVAAHSNLSYKQLPLRLYQVTRKFRDEPKPRF-GLLRGREFYMKDMYTFDASEEAARRTYDLVCDAYC-SLFDRLGLPFVKVRAAT------GSIGGTVSHEFQLP---ADVGEDRLVLCPDGHF-----AANVETLNGEQTSCPTCGEKLTQTRGIEVGHTFYLGTKYSSVSNAVFLSPE----NKPQLAEMGCYGLGVTRILAASIEVLSKEDSIRWPSLIAPYQLCFIP
XP_014809478.1	VWZL01010472.1	1.07e-04	49.3	60.606	473	505	1	99	TVYDVFGFSFKLNLSTRPEKYLGDIEVWNQAEK	TVYAVLGFSFRLALATRPPGFLGDPETWDRAEQ
XP_014809478.1	chr1	0.97	37.7	32.000	91	140	111342186	111342037	YQIACGISQGLADNTVIAKVNKMVWDLDRPLEEDCTLELLKFEDEEAQAV	FKFSLDLSEWHCKKSVLALVDGEVWDMYRPLTKSCEIQFLTFKDEDPEEV
