XP_014799083.1	chr12	2.93e-35	148	93.243	442	515	2546609	2546388	CSALGSLRLESADLLEAAGLALRDPSAFHFLWVVDFPLFLPKEENPAELESAHHPFTAPHPSDTSLLYSDPTKV	CSALGSLRLETADLLEVAGLVLRDPTAFHFLWVVDFPLFLPKEENPTELESAHHPFTAPHPSDTSLLYSDPTKV
XP_014799083.1	chr12	7.80e-28	125	98.333	579	638	2544203	2544024	DRLISLIVDAPSIRDVIAFPKSFRGRDLMGNAPDYVTPEELEPYHIQVSWPLEEKEAKKN	DRLISLIVDAPSIRDVIAFPKSFRGRDLMGNAPDYVTPEELEPYHIQVSWPLAEKEAKKN
XP_014799083.1	chr12	2.43e-27	123	91.803	274	334	2550187	2550005	IDIEMSFVDQAGIQRLIEGLLQYSWPEERGSIATPFPSMTYEEALADYGTDKPDTRFGMKI	IDIEMSFVDQAGIQRLIEGLLRYSWPEERGSITTPFPSMTYEDALANYGTDKPDTRFGMKV
XP_014799083.1	chr12	3.45e-20	100	87.273	391	445	2547611	2547447	EVMEIICRPDGSLKSLLTKFLGEKQQSELIQALNMQVDDVVLLAAGEHKQVCSAL	EIMEIICRPDGSLKSLLTKFLGEKQQSELTQALNMQVDDMVLLAAGEHKQVVGGI
XP_014799083.1	chr12	2.42e-15	85.5	88.636	156	199	2553383	2553252	IKKSEALRMQYRYLDLRSSRLQYNLRLRSQMVMRMREYLCNLHG	LQKSEALRMQYRYLDLRSFQLQYNLRLRSQIVMRMREYLCNLHG
XP_014799083.1	chr12	1.63e-13	79.3	64.615	502	566	2545946	2545752	PSDTSLLYSDPTKVRSQHYDLVLNGNEVGGGSIRIHNAEQQRFVLEKVLKEDSEVLSHLLEALEF	PSLAKVLVHFFL*VRSQHYDLVLNGNEVGGGSIRIHSAEQQRFVLEKVLKVTFRGVSNILLEIHF
XP_014799083.1	chr12	1.44e-12	76.3	67.857	70	125	2555741	2555583	QGLFLVLRDFQGLTQIIIPQDEAHAHVKKLLSNAPVESVVRVTGIVSPRPPGQENP	HGAFVLLFEFQCDVVVFL---QAHAHVKKLLSNAPVESVVRVTGIVTPRPPGQENP
XP_014799083.1	chr12	4.21e-12	74.7	97.059	36	69	2557454	2557353	DFNSFVTRTNTCGELCSAHVGQEVTLYGWIQYQR	DFNSFVTRTNTCGELRSAHVGQEVTLYGWIQYQR
XP_014799083.1	chr12	2.54e-11	72.4	94.444	215	250	2551819	2551712	GAKEFLVPSREVGKFYSLPQSPQQFKQLLMVGGLDR	GAKEFLVPSREAGKFYCLPQSPQQFKQLLMVGGLDR
XP_014799083.1	chr12	5.69e-10	67.8	96.875	126	157	2554431	2554336	KMPTGDIEVKAETAEVLNSCKKLPFEIKDFIK	KMPTGDIEVKAETAEILNSCKKLPFEIKDFIK
XP_014799083.1	chr12	5.58e-08	61.2	75.676	333	369	2549201	2549091	KIVDIGDFLRGLDIQFVRNALSYPHGAVKAICIPQGM	QIVDIGDFLRRSDIQFVQDALSYPCGTVKAICIPHGV
XP_014799083.1	chr12	5.62e-07	58.2	93.103	549	577	2545622	2545536	VLKEDSEVLSHLLEALEFGAPPHGGIALG	ILQEDSEVLSHLLEALEFGAPPHGGIALG
XP_014799083.1	chr12	1.52e-06	56.6	96.000	250	274	2550883	2550809	RYFQVARCYRDEGSRPDRQPEFTQI	RYFQVARCYRDEGSRPDRQPEFTQV
XP_014799083.1	chr12	1.44e-05	53.5	76.471	61	94	2556055	2555963	LYGWIQYQRQGLFLVLRDFQGLTQIIIPQDEAHA	VFSWI---RQGLFLVLRDFQGLTQIIIPQDEVSA
XP_014799083.1	chr12	0.11	40.8	75.000	370	397	2547856	2547776	RYLKNKDLESLKESAKSQFNQEVMEIIC	RYLKNNDLESLKKSAKSQFNQ-VRQKHC
XP_014799083.1	chr12	1.8	37.0	80.952	194	214	2552622	2552563	LCNLHGFVDVETPTLFKRTPG	VCS-SGFVDVETPTLFKRTPG
XP_014799083.1	chr7	0.004	45.8	35.714	239	294	47194667	47194834	FKQLLMVGGLDRYFQVARCYRDEGSRPDRQPEFTQIDIEMSFVDQAGIQRLIEGLL	FV*MLVVGGMDRVYEIGRQFRNEGIDLTHNPEFTTCEFYMAYADYHDLMEITEKLL
XP_014799083.1	chrZ	0.031	42.7	40.000	560	599	549188	549307	LLEALEFGAPPHGGIALGLDRLISLIVDAPSIRDVIAFPK	LISQRKYGTCPHGGYGLGLERFLTWILNRHHIRDVCLYPR
XP_014799083.1	chr1	0.12	40.8	41.026	561	599	208851895	208851779	LEALEFGAPPHGGIALGLDRLISLIVDAPSIRDVIAFPK	LDLRKFGSVPHGGFGMGFERYLQYILGVDNIKDVIPFPR
XP_014799083.1	chr6	2.8	36.2	37.097	451	512	47043795	47043616	ESADLLEAAGLALRDPSAFHFLWVVDFPLFLPKEENPAELESAHHPFTAPHPSDTSLLYSDP	QRADILPGGGSRLRYPSGTHLPSRTVRRFFLQQDETPAELAANTH--RVPHPRPCTALYVWP
