XP_014816692.1	chr23	7.94e-24	109	88.333	257	316	1320488	1320667	QGLARVRNASDAVGVVLKEIKQQCQLGSFRLLVAVDGVNALWGRTTLKKEDKSPVSPEEL	KGLARVRNASDAVGVVLKEVKQQCHLGSFRLLVAVDGVNALWGRTTLKKEDKSPVRSDLL
XP_014816692.1	chr23	1.44e-18	93.6	95.556	187	231	1319528	1319662	AHLWVKNCRELMQSSYNKERLDQPLQASSWLKNFKTSNERFLKEI	AHLWVKNCRELMQSSYNKERLDQPLQASFWLKNFKTSNERFLKEV
XP_014816692.1	chr23	4.43e-14	79.7	50.000	360	427	1322795	1323070	KEGFDALDPFVPVPVPNYSPREFESCYQYYLHRKWLQHE------------------------RARTPEGKEELRFLSGSNPRLLERLVGPL	QEGFDALDPFVPIPVPNYSPREFEXGRSPPLRGRGPAADALPAWRRRRRAGAIAVATMPGEAXAAHTEDGKEELRFLSGSNPRQLERLAGPL
XP_014816692.1	chr23	1.26e-12	75.1	91.429	86	120	1317598	1317702	ANHAEHHEGRHYTIPLEEVKAVFPHGLPYRFQQQI	ANHTEHHEGRHYSIPLEEVKAVFPHGLPYRFQQQV
XP_014816692.1	chr23	1.75e-12	74.7	92.105	118	155	1318476	1318589	QQIKTFNEACLMVRKPALELFTCLKNSNFAHPAVRYVI	SQIKTFNEACLMVRKPALELFTYLKSSNFAHPAVRYVI
XP_014816692.1	chr23	6.89e-11	69.7	72.727	45	88	1310885	1311016	LDHGYAFHTAAKECLSSAVSQDIRTPAERPGAVFYTSENDPANH	LDHGYALHTAAKDRLSYVVSQDVQTLAERPRAVFYTSENDPVSY
XP_014816692.1	chr23	7.13e-11	69.3	93.548	157	187	1319031	1319123	GEKGTGKTMTLCHVVHFCARQGWLVLHIPDA	GEKGTGKTMTLCHVVHYCARQGWLVLHIPDG
XP_014816692.1	chr23	5.27e-08	60.5	70.213	331	377	1321813	1321941	NGGAIVATLSQTGSLFKPSSAYLPQQLLGKEGFDALDPFVPVPVPNY	NGGAIVATLSQTGSVFKPSSAYLPQQLLGKV---SHRPFI-FPLPHW
XP_014816692.1	chr23	1.06e-06	56.2	83.871	227	257	1320000	1320092	FLKEIKTHKKYVWGKRESTEAGRPLGEVVEQ	LLPQIKTQKKYVWGKHESTEAGRPLGEVVEQ
XP_014816692.1	chr23	7.78e-04	47.0	64.706	306	339	1321046	1321147	EDKSPVSPEELTLVYNLRKMMMNDWNGGAIVATL	DDLHQVSPEELTLVYNLRKMMMNDWVSSVPLGVL
XP_014816692.1	chr23	0.012	43.1	64.516	1	31	1305744	1305836	MDAVLISSSAEAPLPRTEKPWRRALRSWEKM	MAAVLIRSSTGAPLPRTDKPWRRTPTTWVKV
XP_014816692.1	chr23	0.29	38.5	67.857	19	46	1306968	1307051	KPWRRALRSWEKMLRSLKGLVYHPLKLD	KPKKSNSVSAEKMLRSLKGLVYHPLKVS
XP_014816692.1	chrZ	1.0	37.0	37.778	123	167	42215966	42215838	FNEACLMVRKPALELFTCLKNSNFAHPAVRYVIYGEKGTGKTMTL	FHQNCVSVTDAHSEMQNCLTQSSLSHPVLRYV--NENGGGRTTTF
