XP_014805561.1	chr4	1.86e-13	55.5	100.000	65	89	18292578	18292504	GFMPVMFKNPSFLTDPKICNVKYPE	GFMPVMFKNPSFLTDPKICNVKYPE
XP_014805561.1	chr4	1.86e-13	40.0	90.476	45	65	18292721	18292659	GLCNKKQKEITKAIKRAHVLG	GLCNKKQKEITKAIKRAQVFG
XP_014805561.1	chr4	8.85e-08	52.0	88.462	1	26	18293613	18293536	MENPYKDPPKKCVLCGINVDYKNVQL	MENPYKEPPKKCVLCGIKVDYKNVQV
XP_014805561.1	chr4	2.26e-07	50.8	95.455	25	46	18293115	18293050	QLLSQFVSPHTGCIYGRHITGL	QLLSQFVSPHTGCIYGRHITGM
XP_014805561.1	chr4	4.0	30.4	52.381	6	26	7521824	7521762	KDPPKKCVLCGINVDYKNVQL	KDPPKRIVFCLLTFSFKNLQL
XP_014805561.1	VWZL01005735.1	1.2	29.6	45.833	22	45	804	875	KNVQLLSQFVSPHTGCIYGRHITG	QNVKLLDQFICPHSGVVFHPTHTG
XP_014805561.1	VWZL01005735.1	1.2	22.3	45.455	44	65	989	1054	TGLCNKKQKEITKAIKRAHVLG	SGVCMKQHKLLTKAITQAQDHG
XP_014805561.1	chr15	3.3	30.4	45.161	4	34	11497752	11497844	PYKDPPKKCVLCGINVDYKNVQLLSQFVSPH	PLTDPPKPCICSQLVVRTGTVSLRSAMVSPH
XP_014805561.1	chr5	3.3	30.4	36.585	43	83	45419450	45419328	ITGLCNKKQKEITKAIKRAHVLGFMPVMFKNPSFLTDPKIC	ISGKCCQNQKESGKATKRANCLRIWLILYRDLGPITDNDTC
XP_014805561.1	chr2	7.1	29.6	43.182	37	80	149148013	149148129	CIYGRHITGLCNKKQKEITKAIKRAHVLGFMPVMFKNPSFLTDP	CTISRHIVGICNQ*ADHITN-FETAHPLCF----FHQPSFLNLP
