XP_002187547.3	chr10	1.31e-16	84.7	82.353	120	170	3099595	3099747	QVYEEALKTDWKRYGEQMAAYKAQLTPAQAAALKEERRKQLARRRSIRAKR	QVYEDARKTDWQKYSEQLAAYKAQLTPAQAAALKEERRKRLAKRRSFRAKR
XP_002187547.3	chr10	7.27e-16	82.4	95.000	221	260	3103453	3103572	QPYLQLAEDDKVRYENEMKSWEAKMIELGREDLVRSKKQR	QPYLQLAEDDKVRYENEMKSWEAKMVELGREDLVRSRKQR
XP_002187547.3	chr10	7.68e-13	73.6	67.308	46	96	3094203	3094358	LLDGAAVCRA-GGAAERCLSRGTSSSQRPKRPLTAYFRFVMDNRPAFREKNP	VTGGGVVCRACGGSAERGLGRGISSEERPKRPLTAYFRFLKENRTAFRQKNP
XP_002187547.3	chr10	7.68e-13	73.6	67.308	46	96	3096014	3096169	LLDGAAVCRA-GGAAERCLSRGTSSSQRPKRPLTAYFRFVMDNRPAFREKNP	VTGGGVVCRACGGSAERGLGRGISSEERPKRPLTAYFRFLKENRTAFRQKNP
XP_002187547.3	chr10	7.01e-09	61.6	67.500	170	209	3100877	3100996	RELNLLGKPKRARSGFNIFLSENFQESEGSSPVAKLKKLF	KEMTVLGKPKRPRSGFNIFVSENFQESEGVSPAVSQERLF
XP_002187547.3	chr10	1.01e-05	51.6	55.556	77	121	3098214	3098327	LTAYFRFVMDNRPAFREKNPEVSNTELIKKLAGAWRELPASQKQV	LICYFL-------AFKFQCTEMSNMELVKKIAGAWKELPASQKQV
XP_002187547.3	chr19	2.43e-05	50.4	38.667	49	119	4161293	4161517	GAAVCRAGGAAERCLSRGTSSSQR----PKRPLTAYFRFVMDNRPAFREKNPEVSNTELIKKLAGAWRELPASQK	GLAVPSVVPPAPHSVSATLLSPQKHPDFPKKPLTPYFRFFMEKRAKYAKLHPEMSNLDLTKILSKKYKELPEKKK
XP_002187547.3	chr19	0.002	44.3	40.385	68	119	4166137	4166292	SSSQRPKRPLTAYFRFVMDNRPAFREKNPEVSNTELIKKLAGAWRELPASQK	ASSEKPKRPISAMFIFSEEKRKQLQEERPELSESELTRLLARMWNDLSEKKK
XP_002187547.3	chr8	3.14e-04	47.0	33.766	45	121	22598996	22598766	ILLDGAAVCRAGGAAERCLSRGTSSSQRPKRPLTAYFRFVMDNRPAFREKNPEVSNTELIKKLAGAWRELPASQKQV	FILQQQRTKRGGWAKGRKRKKPLRDTNAPKSPLTGYVRFMNERREQLRAKRPEVPFPEITRMLGNEWSKLPPEEKRV
XP_002187547.3	chr17	0.009	42.4	37.255	74	124	1269619	1269771	KRPLTAYFRFVMDNRPAFREKNPEVSNTELIKKLAGAWRELPASQKQVYEE	KRALPAFFLFMAEHRPELQKSNPHWTAVETAKKLGKIWHKQPEKDKEMYKE
XP_002187547.3	chr7	0.17	38.5	36.735	73	121	30066333	30066479	PKRPLTAYFRFVMDNRPAFREKNPEVSNTELIKKLAGAWRELPASQKQV	PQKPVSAYALFFRDTQAAIKGQNPNATFGEVSKIVASMWDSLGEEQKQV
XP_002187547.3	chr2	0.23	38.1	36.735	73	121	122386843	122386697	PKRPLTAYFRFVMDNRPAFREKNPEVSNTELIKKLAGAWRELPASQKQV	PQKPVSAYALFFRDTQAAIKGQNPNATFGEVSKIVASMWDGLGEEQKQV
XP_002187547.3	chr4	0.40	37.4	36.170	78	124	80616083	80616223	TAYFRFVMDNRPAFREKNPEVSNTELIKKLAGAWRELPASQKQVYEE	SAFFLFCSEHRPKIKNDHPGLSIGDTAKKLGEMWSEQSAKDKQPYEQ
XP_002187547.3	chr13	0.41	37.4	34.694	73	121	14995496	14995642	PKRPLTAYFRFVMDNRPAFREKNPEVSNTELIKKLAGAWRELPASQKQV	PQKPVSAYALFFRDTQAAIKGQNPNATFGDVSKIVASMWDSLGEEQKQV
XP_002187547.3	chr16	4.5	33.9	31.818	52	117	5774841	5774650	VCRAGGAAERCLSRGTSSSQRPKRPLTAYFRFVMDNRPAFREKNPEVSNTELIKKLAGAWRELPAS	VC*GGHSPSRC--PGVCTAIRSERPSPAAGKLDGGRRPAHRNSPPCVATHPSPAPSGGAWPSMPTS
XP_002187547.3	chr6	5.5	33.9	29.091	68	122	1465589	1465425	SSSQRPKRPLTAYFRFVMDNRPAFREKNPEVSNTELIKKLAGAWRELPASQKQVY	NSPDRVKRPMNAFMVWSRGQRRKMAQENPKMHNSEISKRLGAEWKLLSEAEKRPF
XP_002187547.3	chr12	8.2	29.6	30.612	188	236	392967	392821	FLSENFQESEGSSPVAKLKKLFDTWKKMSASQKQPYLQLAEDDKVRYEN	FLGQLFTVALGQKPLLLPPQLFDTPFSPAALLHAPYVNCLEGPQKYYHN
XP_002187547.3	chr12	8.2	20.4	57.143	237	250	392810	392769	EMKSWEAKMIELGR	EKASWPGRMKELGR
XP_002187547.3	chr1	8.2	33.1	33.333	78	122	190624986	190625120	TAYFRFVMDNRPAFREKNPEVSNTELIKKLAGAWRELPASQKQVY	SAFFLFCSEFRPKIKGEHPGLSIGDVAKKLGEMWNNTAADDKQPY
