XP_014804868.1	chrZ	6.02e-56	160	96.203	315	393	4253785	4254021	SKQAVAYRQMSLLLRRPPGREAYPGDVFYLHSRLLERAAKMNDSFGGGSLTALPVIETQAGDVSAYIPTNVISITDGQI	TTQAVAYRQMSLLLRRPPGREAYPGDVFYLHSRLLERAAKMNDSFGGGSLTALPVIETQAGDVSAYIPTNVISITDGQV
XP_014804868.1	chrZ	6.02e-56	81.3	91.304	392	437	4254144	4254275	QIFLETELFYKGIRPAINVGLSVSRVGSAAQTRAMKQVAGTMKLEL	QIFLETELFYKGIRPAINVGLSVSRVGSAAQTRAMKQV--SMKLLL
XP_014804868.1	chrZ	2.18e-26	119	73.034	104	192	4251885	4252121	GMSLNLEPDNVGVVVFGNDRLIKEGDVVKRTGAIVDVPVGEELLGRVVDALGNPIDGKGPVTSKTRRRVGLKAPGIIPRISVREPMQTG	GMSLNLEPDNVGVVVFGNDRLIKEGDVVKRTGAIVDVPVGEELLGRVVDALGNPIDGKVSVTRCS----------LPPLVSMRYRLQQG
XP_014804868.1	chrZ	3.90e-25	115	100.000	161	217	4252136	4252306	KGPVTSKTRRRVGLKAPGIIPRISVREPMQTGIKAVDSLVPIGRGQRELIIGDRQTG	KGPVTSKTRRRVGLKAPGIIPRISVREPMQTGIKAVDSLVPIGRGQRELIIGDRQTG
XP_014804868.1	chrZ	3.88e-24	112	100.000	266	317	4253508	4253663	ADAMKYTIVVSATASDAAPLQYLAPYSGCSMGEYFRDNGKHALIIYDDLSKQ	ADAMKYTIVVSATASDAAPLQYLAPYSGCSMGEYFRDNGKHALIIYDDLSKQ
XP_014804868.1	chrZ	5.34e-24	112	100.000	47	103	4250862	4251032	GTAEVSSILEERILGADTSAELEETGRVLSIGDGIARVYGLRNVQAEEMVEFSSGLK	GTAEVSSILEERILGADTSAELEETGRVLSIGDGIARVYGLRNVQAEEMVEFSSGLK
XP_014804868.1	chrZ	1.13e-22	107	79.710	460	527	4255104	4255310	LLNRGVRLTELLKQG-QYVPMAIEEQVAVIYAGVRGHLDKLEPSKITKFESAFLAHVLSQHQALLSTIR	LMCPGVRVSNAMNAFFPAVPMAIEEQVAVIYAGVRGHLDKLEPSKITKFESAFLAHVLSQHQALLSTIR
XP_014804868.1	chrZ	9.26e-21	102	100.000	218	266	4252435	4252581	KTSIAIDTIINQKRFNDGTDEKKKLYCIYVAIGQKRSTVAQLVKRLTDA	KTSIAIDTIINQKRFNDGTDEKKKLYCIYVAIGQKRSTVAQLVKRLTDA
XP_014804868.1	chrZ	1.68e-19	98.2	100.000	429	476	4254790	4254933	VAGTMKLELAQYREVAAFAQFGSDLDAATQQLLNRGVRLTELLKQGQY	VAGTMKLELAQYREVAAFAQFGSDLDAATQQLLNRGVRLTELLKQGQY
XP_014804868.1	chrZ	6.90e-07	57.4	86.667	21	50	4249695	4249784	VSRNTLGAAFVATRNIHASKTCFQKTGTAE	VSRNTLAAAFVATRNIHASRTCFQKTGEFE
XP_014804868.1	chrZ	1.47e-05	53.1	92.593	527	553	4256023	4256103	RTEGKISDQTEAKLKEIVTNFLATFEA	RTEGKISDQTEAKLKEIVTSFLSTFEA
XP_014804868.1	VWZL01005027.1	0.013	43.5	43.750	120	167	1710	1570	GNDRLIKEGDVVKRTGAIVDVPVGEELLGRVVDALGNPIDGKGPVTSK	GTEGLVR-GQKVLDSGAPIRIPVGPETLGRIMNVIGEPIDERGPITTK
