XP_014801085.1	chr4	7.57e-94	308	97.561	37	200	75868149	75867658	QVQHASKQITADKQYKGIIDCIVRIPKEQGVLSFWRGNLANVIRYFPTQALNFAFKDKYKQIFLGGVDRHKQFWRYFAGNLASGGAAGATSLCFVYPLDFARTRLAADVGKGANEREFTGLGDCIVKIFKSDGLKGLYQGFSVSVQGIIIYRAAYFGVYDTAKG	QVQHASKQITAEKQYKGIIDCIVRIPKEQGIISFWRGNLANVIRYFPTQALNFAFKDKYKQIFLGGVDRHKQFWRYFAGNLASGGAAGATSLCFVYPLDFARTRLAADVGKGASEREFTGLGDCIVKIFKSDGLKGLYQGFSVSVQGIIIYRAAYFGVYDTAKG
XP_014801085.1	chr4	9.99e-24	105	96.154	247	298	75866600	75866445	ADIMYKGTIDCWRKIAKDEGAKAFFKGAWSNVLRGMGGAFVLVLYDEIKKYV	ADIMYKGTIDCWKKIAKDEGGKAFFKGAWSNVLRGMGGAFVLVLYDEIKKYV
XP_014801085.1	chr4	6.45e-22	100	97.872	200	246	75867109	75866969	GMLPDPKNVHIVVSWMIAQSVTAVAGLVSYPFDTVRRRMMMQSGRKG	GMLPDPKNVHIVVSWMIAQTVTAVAGLVSYPFDTVRRRMMMQSGRKG
XP_014801085.1	chr4	1.41e-13	75.9	94.872	1	39	75868405	75868289	MGDQAISFLKDFLAGGIAAAISKTAVAPIERVKLLLQVQ	MGDQALSFLKDFLAGGIAAAISKTAVAPIERVKLLLQVR
XP_014801085.1	chr4	3.98e-12	71.6	55.932	148	206	8795345	8795521	GANEREFTGLGDCIVKIFKSDGLKGLYQGFSVSVQGIIIYRAAYFGVYDTAKGMLPDPK	GAAEQQFHGLSDCIIQIAKTDGLPGLCLGFGVSVQGILVYQASYFGCYNTIKVAFTNKK
XP_014801085.1	chr4	3.64e-09	62.4	72.093	66	108	8792554	8792673	GVLSFWRGNLANVIRYFPTQALNFAFKDKYKQIFLGGVDRHKQ	GCFRFWPGNLANVIWYFPTQALNFAFKDKYKQ---SKVDKEKQ
XP_014801085.1	chr4	5.05e-05	45.4	58.140	6	48	8791232	8791360	ISFLKDFLAGGIAAAISKTAVAPIERVKLLLQVQHASKQITAD	ISFGKDLMADSVVAAISKRAVETLERVKLFLRVPAPSKQIQAQ
XP_014801085.1	chr4	5.05e-05	23.5	72.727	56	66	8791365	8791397	DCIVRIPKEQG	DCFVRIPRERG
XP_014801085.1	chr4	0.042	40.4	54.839	211	241	8795791	8795883	VVSWMIAQSVTAVAGLVSYPFDTVRRRMMMQ	ILSFFIAQVVTTFSGMPSYPFDTVRKCTIMQ
XP_014801085.1	chr4	0.17	38.5	48.571	46	80	75866603	75866499	TADKQYKGIIDCIVRIPKEQGVLSFWRGNLANVIR	TADIMYKGTIDCWKKIAKDEGGKAFFKGAWSNVLR
XP_014801085.1	chr4	0.62	36.6	35.000	224	280	75868197	75868018	AGLVSYPFDTVR---RRMMMQSGRKGADIMYKGTIDCWRKIAKDEGAKAFFKGAWSNVLR	AGSYSLPFHPSSFSSPQVQHASKQITAEKQYKGIIDCIVRIPKEQGIISFWRGNLANVIR
XP_014801085.1	chr4	0.93	36.2	48.649	240	276	8798812	8798916	MQSGRKGADIMYKGTIDCWRKIAKDEGAKAFFKGAWS	VQSGE--TEHQYKGSIGCFMKIYEREGLNAFFHGAFS
XP_014801085.1	chr1	1.71e-88	293	88.757	36	204	140326487	140326993	LQVQHASKQITADKQYKGIIDCIVRIPKEQGVLSFWRGNLANVIRYFPTQALNFAFKDKYKQIFLGGVDRHKQFWRYFAGNLASGGAAGATSLCFVYPLDFARTRLAADVGKGANEREFTGLGDCIVKIFKSDGLKGLYQGFSVSVQGIIIYRAAYFGVYDTAKGMLPD	LQVQHASKQIAADKQYKGIIDCVVRIPKEQGVLSFWRGNLANVIRYFPTQALNFAFKDKYKQVFLGGVDKHTQFWRYFAGNLASGGAAGATSLCFVYPLDFARTRLAADVGKAGADREFSGLGDCLVKITKSDGLRGLYQGFNVSVQGIIIYRAAYFGIYDTAKGKISE
XP_014801085.1	chr1	1.71e-88	293	88.757	36	204	140328621	140329127	LQVQHASKQITADKQYKGIIDCIVRIPKEQGVLSFWRGNLANVIRYFPTQALNFAFKDKYKQIFLGGVDRHKQFWRYFAGNLASGGAAGATSLCFVYPLDFARTRLAADVGKGANEREFTGLGDCIVKIFKSDGLKGLYQGFSVSVQGIIIYRAAYFGVYDTAKGMLPD	LQVQHASKQIAADKQYKGIIDCVVRIPKEQGVLSFWRGNLANVIRYFPTQALNFAFKDKYKQVFLGGVDKHTQFWRYFAGNLASGGAAGATSLCFVYPLDFARTRLAADVGKAGADREFSGLGDCLVKITKSDGLRGLYQGFNVSVQGIIIYRAAYFGIYDTAKGKISE
XP_014801085.1	chr1	9.18e-23	103	67.123	226	298	140330461	140330679	LVSYPFDTVRRRMMMQSGRKGADIMYKGTIDCWRKIAKDEGAKAFFKGAWSNVLRGMGGAFVLVLYDEIKKYV	LLKTPWIQLQELKMTLCSFSTADIMYSGTIDCWRKIARDEGGKAFFKGAWSNVLRGMGGAFVLVLYDEFKKVI
XP_014801085.1	chr1	1.10e-20	97.1	82.353	200	250	140329885	140330037	GMLPDPKNVHIVVSWMIAQSVTAVAGLVSYPFDTVRRRMMMQSGRKGADIM	GMLPDPRNTHIVISWMIAQTVTAVAGVVSYPFDTVRRRMMMQSGRKGGGLL
XP_014801085.1	chr1	5.46e-06	52.8	39.062	126	189	125777161	125776970	TSLCFVYPLDFARTRLAADVGKGANEREFTGLGDCIVKIFKSDGLKGLYQGFSVSVQGIIIYRA	TSLSVISPVGFEQTQFAADVNRGVAEWQF*GLGDCLIRSPKTDEISGQY*SFALAEISAIMLSA
XP_014801085.1	chr1	1.06e-05	51.6	27.481	149	273	140326517	140326909	ANEREFTGLGDCIVKIFKSDGLKGLYQGFSVSVQGIIIYRAAYFGVYDTAKGMLPDPKNVHIVVSWMIAQSVTA--VAGLVS----YPFDTVRRRMMMQSGRKGADIMYKGTIDCWRKIAKDEGAKAFFKG	AADKQYKGIIDCVVRIPKEQGVLSFWRGNLANVIRYFPTQALNFAFKDKYKQVFLGGVDKHTQFWRYFAGNLASGGAAGATSLCFVYPLDFARTRLAADVGKAGADREFSGLGDCLVKITKSDGLRGLYQG
XP_014801085.1	chr1	1.06e-05	51.6	27.481	149	273	140328651	140329043	ANEREFTGLGDCIVKIFKSDGLKGLYQGFSVSVQGIIIYRAAYFGVYDTAKGMLPDPKNVHIVVSWMIAQSVTA--VAGLVS----YPFDTVRRRMMMQSGRKGADIMYKGTIDCWRKIAKDEGAKAFFKG	AADKQYKGIIDCVVRIPKEQGVLSFWRGNLANVIRYFPTQALNFAFKDKYKQVFLGGVDKHTQFWRYFAGNLASGGAAGATSLCFVYPLDFARTRLAADVGKAGADREFSGLGDCLVKITKSDGLRGLYQG
XP_014801085.1	chr1	0.097	39.3	36.207	208	263	182449706	182449879	VHIVVSWMIAQSVTAVAG-LVSYPFDTVRRRMMMQ-SGRKGADIMYKGTIDCWRKIAK	ISLNLSFISSSFTCGLAGALASNPIDVVRTRMMNQRSQQHGGHSNYKGTLDCLLQVSS
XP_014801085.1	chr1	0.46	37.4	47.059	247	280	140326520	140326621	ADIMYKGTIDCWRKIAKDEGAKAFFKGAWSNVLR	ADKQYKGIIDCVVRIPKEQGVLSFWRGNLANVIR
XP_014801085.1	chr1	0.46	37.4	47.059	247	280	140328654	140328755	ADIMYKGTIDCWRKIAKDEGAKAFFKGAWSNVLR	ADKQYKGIIDCVVRIPKEQGVLSFWRGNLANVIR
XP_014801085.1	chr1	1.2	35.8	30.909	219	273	206059983	206060147	SVTAVAGLVSYPFDTVRRRMMMQSGRKGADIMYKGTIDCWRKIAKDEGAKAFFKG	TTGAVAVACAQPTDVVKVRFQANGAMPESARRYSGTVDAYRTIAREEGVRGLWRG
XP_014801085.1	chr1	1.3	35.8	42.857	46	80	140330521	140330625	TADKQYKGIIDCIVRIPKEQGVLSFWRGNLANVIR	TADIMYSGTIDCWRKIARDEGGKAFFKGAWSNVLR
XP_014801085.1	chr1	1.8	35.4	31.148	230	290	185536653	185536489	PFDTVRRRMMMQSGRKGADIMYKGTIDCWRKIAKDEGAKAFFKGAWSNVLRGMGGAFVLVL	PFDTAKVKM------QTFPEMYKGIVDCFMKTYKQVGFRGFYKGTTPALVANIAENSVLFM
XP_014801085.1	chr1	2.8	34.7	31.148	13	73	206059971	206060147	LAGGIAAAISKTAVAPIERVKLLLQVQHASKQITADKQYKGIIDCIVRIPKEQGVLSFWRG	LAGCTTGAVAVACAQPTDVVKVRFQANGAMPE--SARRYSGTVDAYRTIAREEGVRGLWRG
XP_014801085.1	chr1	3.0	34.7	93.750	1	16	140323810	140323857	MGDQAISFLKDFLAGG	MADQAISFLKDFLAGG
XP_014801085.1	chr1	6.5	33.5	43.902	227	267	203173971	203173867	VSYPFDTVRRRMMMQSGRKGADIMYKGTIDCWRKIAKDEGA	IPYPFSASRR---MLPGRKP---FPKGTLACWRKDCREEHA
XP_014801085.1	chr1	9.1	33.1	33.333	49	90	84874650	84874775	KQYKGIIDCIVRIPKEQGVLSFWRGNLANVIRYFPTQALNFA	SRYRSFIQTLQLVVHEEGPLALYRGLLAHLIRQIPNTAIMMA
XP_014801085.1	chr7	1.16e-86	287	89.759	37	202	10433429	10433926	QVQHASKQITADKQYKGIIDCIVRIPKEQGVLSFWRGNLANVIRYFPTQALNFAFKDKYKQIFLGGVDRHKQFWRYFAGNLASGGAAGATSLCFVYPLDFARTRLAADVGKGANEREFTGLGDCIVKIFKSDGLKGLYQGFSVSVQGIIIYRAAYFGVYDTAKGML	QVQHASKQIAADKQYKGIIDCVVRIPREQGVLSFWRGNLANVIRYFPTQALNFAFKDKYKQIFLGGVDKRTQFWRYFAGNLASGGAAGATSLCFVYPLDFARTRLAADVGKAGADREFRGLGDCLVKIFRSDGLRGLYQGFNVSVQGIIIYRAAYFGIYDTAKGRL
XP_014801085.1	chr7	4.83e-23	103	92.308	247	298	10434762	10434917	ADIMYKGTIDCWRKIAKDEGAKAFFKGAWSNVLRGMGGAFVLVLYDEIKKYV	ADIMYTGTIDCWRKIARDEGSKAFFKGAWSNVLRGMGGAFVLVLYDEIKKYT
XP_014801085.1	chr7	2.15e-21	99.0	59.756	169	250	10433946	10434173	GLKGLYQGFSVSVQGIIIYRAAYFGVYDTAKGMLPDPKNVHIVVSWMIAQSVTAVAGLVSYPFDTVRRRMMMQSGRKGADIM	GDAGLQQACSAFRQMVVAHQNL------SPTGMLPDPKNTHIVISWMIAQTVTAVAGLTSYPFDTVRRRMMMQSGRKGSKFL
XP_014801085.1	chr7	4.95e-04	46.6	25.191	149	273	10433456	10433848	ANEREFTGLGDCIVKIFKSDGLKGLYQGFSVSVQGIIIYRAAYFGVYDTAKGMLPDPKNVHIVVSWMIAQSVTA--VAGLVS----YPFDTVRRRMMMQSGRKGADIMYKGTIDCWRKIAKDEGAKAFFKG	AADKQYKGIIDCVVRIPREQGVLSFWRGNLANVIRYFPTQALNFAFKDKYKQIFLGGVDKRTQFWRYFAGNLASGGAAGATSLCFVYPLDFARTRLAADVGKAGADREFRGLGDCLVKIFRSDGLRGLYQG
XP_014801085.1	chr7	1.0	36.2	44.118	247	280	10433459	10433560	ADIMYKGTIDCWRKIAKDEGAKAFFKGAWSNVLR	ADKQYKGIIDCVVRIPREQGVLSFWRGNLANVIR
XP_014801085.1	chr7	5.6	33.9	42.500	226	265	710817	710936	LVSYPFDTVRRRMMMQSGRKGADIMYKGTIDCWRKIAKDE	IASNPVDVVRTRMMNQRAIVGSTELYKGTLDGLVKVRR*E
XP_014801085.1	chr7	9.0	33.1	26.471	6	73	10415410	10415598	ISFLKDFLAGGIAAAISKTAVAPIERVKLLLQVQHASKQITADKQYKGIIDCIVRIPKEQGVLSFWRG	ISHWRAIMAGSLAGMVATIVTYPTDVIKTRLIVQNR-----LEPSYEGILHAFYKIYHQEGLLALYRG
XP_014801085.1	chr23	4.69e-09	62.0	28.221	131	279	793105	793572	VYPLDFARTRLAADVGKGANEREFTGLGDCIVKIFKSDGLKGLYQGFSVSVQGIIIYRAAYFGVYDTAKGMLPDPKNVHIVVSWMIAQSVTAVAGLVSYPFDTVRRRMMMQSGRKGAD--------------IMYKGTIDCWRKIAKDEGAKAFFKGAWSNVL	VYPFTLIRTRLQVQKGKSL----YNGTFDAFVKILRTEGTAGLYRGFLVNT-FTLISGQCYVTTYELTRKYVSRYNNNNAVKSLVAGGSASLVAQSITVPIDVISQHLMMQ--RKGESMGRFKVQNQDGKRMLVFGQTKDIIVQIFKADGFRGFYRGYVASLL
XP_014801085.1	chr23	0.26	38.1	25.773	9	95	793330	793620	LKDFLAGGIAAAISKTAVAPIERVKLLLQVQHASKQI----TADKQYKGII------DCIVRIPKEQGVLSFWRGNLANVIRYFPTQALNFAFKDKY	VKSLVAGGSASLVAQSITVPIDVISQHLMMQRKGESMGRFKVQNQDGKRMLVFGQTKDIIVQIFKADGFRGFYRGYVASLLTYIPNSAVWWPFYHFY
XP_014801085.1	chr23	0.36	37.4	22.422	10	208	793057	793650	KDFLAGGIAAAISKTAVAPIERVKLLLQVQHASKQITADKQYKGIIDCIVRIPKEQGVLSFWRGNLANVIR------YFPTQALNFAFKDKY------KQIFLGGVDRHKQFWRYFAGNLASGGAAGATSLCFVYPLDFARTRL-----AADVGK-------GANEREFTGLGDCIVKIFKSDGLKGLYQGFSVSVQGIIIYRAAYFGVYDTAKGMLPDPKNV	KFYVFGICMTMMIRVSVYPFTLIRTRLQVQKG------KSLYNGTFDAFVKILRTEGTAGLYRGFLVNTFTLISGQCYVTTYELTRKYVSRYNNNNAVKSLVAGG-------------------SASLVAQSITVPIDVISQHLMMQRKGESMGRFKVQNQDGKRMLVFGQTKDIIVQIFKADGFRGFYRGYVASLLTYIPNSAVWWPFYHFYAGE*KEALNV
XP_014801085.1	chr5	6.27e-09	61.6	26.452	133	280	10245204	10244755	PLDFARTRLAADVGKGANEREFTGLG-----DCIVKIFKSDGLKGLYQGFSVSVQGIIIYRAAYFGVYDTAKGML-PDPKNVHIVVSWMIAQSVTAVAG-LVSYPFDTVRRRMMMQSGRKGADIMYKGTIDCWRKIAKDEGAKAFFKGAWSNVLR	PMELAKTRMQL---QGTGEYKLKKKNYKNSLDCLIKIYRKEGLRGINRGMVSTFIRETPSFGFYFLTYDCMTRYLGCEAEDSYVIPKLLFSGGMSGIVSWLSTYPMDVIKSRL--QADGVGGITQYKGILDCIRKSYHDEGWRVFTRGLTSTLLR
XP_014801085.1	chr5	3.57e-07	56.2	28.261	9	192	10245261	10244728	LKDFLAGGIAAAISKTAVAPIERVKLLLQVQHASKQITADKQYKGIIDCIVRIPKEQGVLSFWRGNLANVIRYFPTQALNFAFKDKYKQIFLGGVDRHKQFWRYFAGNLASGGAAGATSLCFVYPLDFARTRLAADVGKGANEREFTGLGDCIVKIFKSDGLKGLYQGFSVSVQGIIIYRAAYF	LNQFLAGSAAGAIQCIICCPMELAKTRMQLQGTGEYKLKKKNYKNSLDCLIKIYRKEGLRGINRGMVSTFIRETPSFGFYFLTYDCMTRYL--GCEAEDSY--VIPKLLFSGGMSGIVSWLSTYPMDVIKSRLQADGVGGIT--QYKGILDCIRKSYHDEGWRVFTRGLTSTLLRAFPVNAATF
XP_014801085.1	chr5	5.27e-04	46.6	32.099	10	90	10244955	10244725	KDFLAGGIAAAISKTAVAPIERVKLLLQVQHASKQITADKQYKGIIDCIVRIPKEQGVLSFWRGNLANVIRYFPTQALNFA	KLLFSGGMSGIVSWLSTYPMDVIKSRLQ----ADGVGGITQYKGILDCIRKSYHDEGWRVFTRGLTSTLLRAFPVNAATFA
XP_014801085.1	chr5	0.026	41.2	25.316	157	298	10245447	10244989	LGDCIVKIFKSDGLK-----------GLYQGFSVSVQGIIIYRAAYFGVY-DTAKGMLPD-PKNVHIVVSWMIAQSVTAVAGLVSYPFDTVRRRMMMQSGRK--GADIMYKGTIDCWRKIAKDEGAKAFFKGAWSNVLRGMGG-AFVLVLYDEIKKYV	LGSDEITITKQDGIKMGFSSLLL*AFGLYKGIGSPMMGLTFINALVFGVQGNTLRALGKDTPLN-----QFLAGSAAGAIQCIICCPMELAKTRMQLQGTGEYKLKKKNYKNSLDCLIKIYRKEGLRGINRGMVSTFIRETPSFGFYFLTYDCMTRYL
XP_014801085.1	chr5	0.044	40.4	29.167	227	297	10274908	10275114	VSYPFDTVRRRMMMQSGRKGADIMYKGTIDCWRKIAKDEGAKAFFKGAWSNVLRGMG-GAFVLVLYDEIKKY	LATPMDVIKSRMQTEESDQHK---YKGLVHCARESVRKEGAKVLFKGLGLNCIRAFPVNMVVFVTYEAVLRF
XP_014801085.1	chr5	0.081	39.7	25.263	8	95	10274857	10275126	FLKDFLAGGIAAAISKTAVAPIERVKLLLQVQHASKQITADKQYKGIIDCIVRIPKEQGVLSFWRGNLANVIRYFPTQALNFA-------FKDKY	FLVVLLSGGFAGVLAWGLATPMDVIKSRMQTEESDQH-----KYKGLVHCARESVRKEGAKVLFKGLGLNCIRAFPVNMVVFVTYEAVLRFTDHY
XP_014801085.1	chr5	3.3	34.3	30.000	26	89	10273881	10274090	VAPIERVKLLLQVQH------ASKQITADKQYKGIIDCIVRIPKEQGVLSFWRGNLANVIRYFPTQALNF	MAPSEVAKVRMQTQRNPHPSVASPQPVPQPKYRGSLHCLKVIAKEEGFWGLYKGCSALLCRDCSSSAIYF
XP_014801085.1	chr2	0.007	43.1	29.730	204	275	27190400	27190191	DPKNVHIVVSWMIAQSVTAVAGLVSYPFDTVRRRMMMQ--SGRKGADIMYKGTIDCWRKIAKDEGAKAFFKGAW	NAKSCFLIV*FLFA----AVGATAVYPIDLVKTRMQNQRSTGSFVGELMYKNSFDCFKKVLRYEGFFGLYRGKF
XP_014801085.1	chr2	0.014	42.0	31.343	19	81	27190361	27190161	AAISKTAVAPIERVKLLLQVQHASKQITADKQYKGIIDCIVRIPKEQGVLSFWRGNLAN----VIRY	AAVGATAVYPIDLVKTRMQNQRSTGSFVGELMYKNSFDCFKKVLRYEGFFGLYRGKFKR*YILMIRY
XP_014801085.1	chr2	0.086	39.7	39.216	224	274	27153613	27153470	AGLVSYPFDTVRRRMMMQSGRKGADIMYKGTIDCWRKIAKDEGAKAFFKGA	ASLVT-PADVIKTRL--QVAARAGQTTYSGVVDCFAKILREEGPKALWKGA
XP_014801085.1	chr2	0.53	37.0	32.353	6	73	27153655	27153473	ISFLKDFLAGGIAAAISKTAVAPIERVKLLLQVQHASKQITADKQYKGIIDCIVRIPKEQGVLSFWRG	IPLMVFVLCVGMPAA---SLVTPADVIKTRLQVAARAGQTT----YSGVVDCFAKILREEGPKALWKG
XP_014801085.1	chr2	6.6	33.5	33.333	131	176	27190340	27190197	VYPLDFARTRLAADVGKGA--NEREFTGLGDCIVKIFKSDGLKGLYQG	VYPIDLVKTRMQNQRSTGSFVGELMYKNSFDCFKKVLRYEGFFGLYRG
XP_014801085.1	chr9	0.009	42.7	35.714	220	273	37799800	37799967	VTAVAGLVSYPFDTVRRRMMMQ--SGRKGADIMYKGTIDCWRKIAKDEGAKAFFKG	LTAVGATAVYPIDLVKTRMQNQRTTGSVVGELMYKNSFDCFKKVLRFEGFFGLYRG
XP_014801085.1	chr9	0.061	40.0	29.670	19	105	37799803	37800066	AAISKTAVAPIERVKLLLQVQHASKQITADKQYKGIIDCIVRIPKEQGVLSFWRGNLANVIRYFPTQA----LNFAFKDKYKQIFLGGVDR	TAVGATAVYPIDLVKTRMQNQRTTGSVVGELMYKNSFDCFKKVLRFEGFFGLYRG---R*IRYISLSQVGDFLPFFFFYIHQQLFSYGKTR
XP_014801085.1	chr9	0.065	40.0	41.176	224	274	37816752	37816895	AGLVSYPFDTVRRRMMMQSGRKGADIMYKGTIDCWRKIAKDEGAKAFFKGA	ASLVT-PADVIKTRL--QVAARAGQTTYSGVIDCFGKILREEGPSAFWKGA
XP_014801085.1	chr9	0.081	39.7	35.938	10	73	37816722	37816892	KDFLAGGIAAAISKTAVAPIERVKLLLQVQHASKQITADKQYKGIIDCIVRIPKEQGVLSFWRG	RGFPLKGVPAA---SLVTPADVIKTRLQVAARAGQTT----YSGVIDCFGKILREEGPSAFWKG
XP_014801085.1	chr10	0.018	41.6	36.957	53	98	4942131	4942268	GIIDCIVRIPKEQGVLSFWRGNLANVIRYFPTQALNFAFKDKYKQI	GVFSTLCAVPKKEGYLGLYKGNGAMMIRIFPYGAIQFMAFDQYKKV
XP_014801085.1	chr16	0.036	40.8	29.688	35	98	8106464	8106273	LLQVQHASKQITADKQYKGIIDCIVRIPKEQGVLSFWRGNLANVIRYFPTQALNFAFKDKYKQI	LWQGCAAGSSLPQGKLYRGFLDCILQISSKEGLLGLYKGIGAVYLRLGPHTVLSLFFWDELRKM
XP_014801085.1	chr16	7.9	33.1	36.842	50	87	4942216	4942103	QYKGIIDCIVRIPKEQGVLSFWRGNLANVIRYFPTQAL	KYKAFIQTARLVAREEGYLAFYRGLFAQLIRQIPNTAI
XP_014801085.1	chr13	0.039	40.4	43.750	140	187	32115191	32115334	RLAADVGKGANEREFTGLGDCIVKIFKSDGLKGLYQGFSVSVQGIIIY	EISAGVGRSDVDGVIMGLSDCLVKRMGSDAWRGWYQGISVSAQGTGSY
XP_014801085.1	chr12	0.056	40.0	37.705	138	198	11139292	11139459	RTRLAADVGKGANEREFTGLGDCIVKIFKSDGLKGLYQGFSVSVQGIIIYRAAYFGVYDTA	KTRLA--VGKTG---QYSGMFDCAKKILKREGVKAFYKGYVPNILGIIPYAGIDLAVYEVS
XP_014801085.1	chr12	0.078	39.7	51.724	10	38	11135738	11135824	KDFLAGGIAAAISKTAVAPIERVKLLLQV	KQLLAGGVAGAVSRTGTAPLDRLKVMMQV
XP_014801085.1	chr12	0.62	36.6	34.146	50	90	11139322	11139444	QYKGIIDCIVRIPKEQGVLSFWRGNLANVIRYFPTQALNFA	QYSGMFDCAKKILKREGVKAFYKGYVPNILGIIPYAGIDLA
XP_014801085.1	chr12	0.65	36.6	50.000	246	279	11139310	11139411	GADIMYKGTIDCWRKIAKDEGAKAFFKGAWSNVL	GKTGQYSGMFDCAKKILKREGVKAFYKGYVPNIL
XP_014801085.1	chr12	5.0	33.9	36.842	55	89	1250889	1251002	IDCIVRIP---KEQGVLSFWRGNLANVIRYFPTQALNF	CPCLVKLAVGKEEEGLLSFWKGHLCHVCRAASAAPLNL
XP_014801085.1	chr12	6.5	33.5	39.130	159	204	17587149	17587280	DCIVKIFKSDGLKGLYQGFSVSVQGIIIYRAAYFGVYDTAKGMLPD	SCVVKVWKSKGRTNVY--FFFSNKHTFLYRS*ELKLYIKAKLMLPD
XP_014801085.1	chr12	9.9	33.1	48.148	63	89	11136228	11136308	KEQGVLSFWRGNLANVIRYFPTQALNF	KEGGIRSLWRGNGVNVVKIAPETAIKF
XP_014801085.1	chr21	0.079	39.7	24.793	162	264	4710504	4710142	VKIFKSDGLKGLYQGFSVSVQGIIIYRAAYFGVYDTAKGMLPDPKNVHIV-------------VSWMIAQSVTAVAGLVS-----YPFDTVRRRMMMQSGRKGADIMYKGTIDCWRKIAKD	IRISREEGLKTLYRGFTPTILGVIPYAGLSFFTYETLKKLHAGKGNLVCIQMKCCRLLANLS*VVQVLCLALRPIAQLCARGGCLVPPSLQFQTMKNASSRKAASLSCRGTRRCKSWVQKD
XP_014801085.1	chr21	0.31	37.7	38.095	58	99	4711939	4711814	IVRIPKEQGVLSFWRGNLANVIRYFPTQALNFAFKDKYKQIF	IYRTYLNEGFWSLWRGNSATMVRVIPYAAIQFCAHEEYKQLL
XP_014801085.1	chr21	2.2	35.0	44.828	9	37	4715259	4715173	LKDFLAGGIAAAISKTAVAPIERVKLLLQ	LNSLMSGALAGAVAKTAVAPLDRTKIMFQ
XP_014801085.1	chrZ	0.28	37.7	25.882	7	81	60219917	60220171	SFLKDFLAGGIAAAISKTAVAPIERVKLLLQVQHASKQI----------TADKQYKGIIDCIVRIPKEQGVLSFWRGNLANVIRY	AYFPELIASFAASLCADVMLYPLETVLHRLHIQGTRTIIDNTDLGYEVLPINTQYEGMRDCINTIKREEGMLGFYKGFGAVIVQY
XP_014801085.1	chrZ	0.78	36.6	30.645	224	273	60219962	60220147	AGLVSYPFDTVRRRMMMQSGRKGAD------------IMYKGTIDCWRKIAKDEGAKAFFKG	ADVMLYPLETVLHRLHIQGTRTIIDNTDLGYEVLPINTQYEGMRDCINTIKREEGMLGFYKG
XP_014801085.1	chrZ	3.2	34.7	24.855	11	176	82795891	82796355	DFLAGGIAAAISKTAVA---PIERVKLLLQ-VQHASKQITADKQYKGIIDCIVRIPKEQGVLSFWRGNLANVIRYFPTQALNFAFKDKYKQIFLGGVDRHKQFWRYFAGNLASGGAAGATSLCFV-YPLDFARTRLAADVGKGANEREFTGLGDCIVKIF--KSDGLKGLYQG	ELLTRSMAAVLAGTTEALLTPFERVQTLLQDYKHHDKFTNTYQAFK--------VLKVYGMREYYRGLVPILLRNGPSNALFFGLRGPIKQCLPEATSYSAHLVNDFICGGLLGAM-----LGFLFFPVNVVKTRMQAQIGG-----EFQSFSKVFVKIWLERDRKLNHLFRG
XP_014801085.1	chr11	0.46	37.4	45.161	250	280	31485790	31485882	MYKGTIDCWRKIAKDEGAKAFFKGAWSNVLR	MYRGLLDCMRQILQEEGPGGFFKGLSPSLLK
XP_014801085.1	chr11	10.0	32.7	31.667	32	91	31480983	31481138	VKLLLQVQHASKQITADKQYKGIIDCIVRIPKEQGVLSFWRGNLANVIRYFPTQALNFAF	VFLQLQIEQLSSRSPGAK-YHGILQAVQRIFQEEGLRAFWKGHV-------PAQLLSVGY
XP_014801085.1	chr6	0.48	37.0	36.735	159	207	21967497	21967640	DCIVKIFKSDGLKGLYQGFSVSVQGIIIYRAAYFGVYDTAKGMLPDPKN	ECVRKVYRSDGIKGFYRGMSASYAG-ISETVIHFVIYESIKRKLLEYKT
XP_014801085.1	chr6	7.2	33.5	35.897	133	171	44830711	44830818	PLDFARTRLAADVGKGANEREFTGLGDCIVKIFKSDGLK	PMDVVKSRLQAD---GVHLNKYKGTLDCILQSYRNEGLK
XP_014801085.1	chr15	1.0	36.2	31.507	4	76	7260452	7260661	QAISFLKDFLAGGIAAAISKTAVAPIERVKLLLQVQHASKQITADKQYKGIIDCIVRIPKEQGVLSFWRGNLA	QTGMWWRHLVAGGGAGAVSRTCTAPLDRLKVLMQV*WSSSGLF---EYSGRFPEHSWMPRR**CSSTWYSTLA
XP_014801085.1	chr15	3.5	34.3	29.268	50	90	7261983	7262105	QYKGIIDCIVRIPKEQGVLSFWRGNLANVIRYFPTQALNFA	QYSGMLDCAKNILSKEGMAAFYKGYIPNMLGIIPYAGIDLA
