XP_014796405.1	chr2	3.39e-125	405	96.635	1	208	71588983	71588363	MAMLWKFMRVAKYSKTALAPKVKVRGIPTHSKHSSSKSVPSDFAANTTPCSNTVELLGKAYPQDDYSNVTEKILSKVGKNLHNKKHHPLWLIKEQVKDHFYKQYVGRRGTPLFSVYDGLSPVVTVQQNFDSLLIPQNHASRRKEDNYYLNRDHMLRAHTSAHQWDLIHSGLDAFLAVGDVYRRDTIDNTHYPVFHQMEGVRLFSCHEL	MAMLWKFMRVAKYSKTALAPKVKVRGIPTHSRHSSSKSVPSDFAANT-PCSNTVELLGKAYPQDDYSNVTEKILSKVGKNLHNKKHHPLWLIKEQVKDHFYKQYIGRRGTPLFSVYDGLSPVVTIQQNFDSLLIPQNHVSRRKEDNYYLNRDHMLRAHTSAHQWDLIRSGLDAFLAVGDVYRRDTIDNTHYPVFHQMEGVRLFSCHEV
XP_014796405.1	chr2	2.19e-26	117	81.429	289	358	71501889	71501698	MEVLGCGVMEQQLVNSAGAQDKIGWAFGLGLERLAMILYDIPDIRLFWSEDERFLKQFIVPHIWQKIKFQ	LEFLSC------LFIAAGAQDKIGWAFGLGLERLAMILYDIPDIRLFWSEDERFLKQFVVPHIWQKIKFQ
XP_014796405.1	chr2	6.06e-25	113	80.263	208	278	71577395	71577180	LFSNIKDGEGLQLFEQGHRTAHKQECHTMEAVRLVEFNLKQVLTKLMTHIFGDGLQVRWVDCYFPFT-----HPSF	LFSNIKDGEGLQLFEQGHRTAHKQECHTMEAVRLVEFNLKQVLTKLMTHIFGDG---RFLH-LFPWTADGCRHPDF
XP_014796405.1	chr2	7.89e-25	113	86.885	357	417	71479807	71479625	FQPLSRYPPLINDISFWLPSETYSKNDFYDLARTVGGDLIEKVVLVDEFTHPKTKKVSHCY	F*PLSRYPPLINDISFWLPSETYSKNDFYDLARTIGGDLIEKVVLVDEFTHPK*VKLLKCF
XP_014796405.1	chr2	2.90e-20	99.0	95.556	261	305	71570287	71570153	GLQVRWVDCYFPFTHPSFEMEINFQGEWMEVLGCGVMEQQLVNSA	GLQVRWVDCYFPFTHPSFEMEINFQGEWLEVLGCGVMEQQLVNSG
XP_014796405.1	chr2	4.55e-18	92.4	86.000	405	454	71397091	71396942	FTHPKTKKVSHCYRIVYRHPERTLTQEEVHRIHQAIEESAVRELGVEGRF	FIFCRTKKVSHCYRIIYRHPERTLTQDEVHRIHQTIEESAVRELGVEGRF
XP_014796405.1	chr18	1.34e-19	97.1	32.386	280	453	6033794	6033288	MEINFQGEWMEVLGCGVMEQQLVNSAGAQDKIGWAFGLGLERLAMILYDIPDIRLFWSEDERFLKQFIVPHIWQKIKFQPLSRYPP-LINDISFWLP-SETYSKNDFYDLARTVGGDLIEKVVLVDEFTHPKTKKVSHCYRIVYRHPERTLTQEEVHRIHQAIEESAVRELGVEGR	MEIDTSGSCEKGSCVGIIRTELV---GSELVVVFA-SLNLDLLAMLICGISDWRMLWTSDTRFLRQF--PRGKLRL-FKSFSLYPPSYVHDVSFWVPDGEQFDEVAFHTIARQVSGEMVISIQLIDSFQQSETGQKSLCYRLTFQSCDKALSRQEVAEMQLLFRKEIKRRLGVALR
XP_014796405.1	chr18	8.15e-10	66.2	30.693	355	453	6685854	6686156	IKFQPLSRYPP-LINDISFWLP-SETYSKNDFYDLARTVGGDLIEKVVLVDEFTHPKTKKVSHCYRIVYRHPERTLTQEEVHRIHQAIEESAVRELGVEGR	VAFQVFSLCPPACVHDVSFWVPDGEQFDEVAFHTIARQVSGEMVISIQLIDSFQQSETGQKSLCYRLTFQSCDKALSRQEVAEMQLLFRKEIKQRLGVALR
XP_014796405.1	VWZL01010230.1	3.80e-09	61.2	30.682	367	453	646	383	INDISFWLP-SETYSKNDFYDLARTVGGDLIEKVVLVDEFTHPKTKKVSHCYRIVYRHPERTLTQEEVHRIHQAIEESAVRELGVEGR	VHDVSFWVPDGEQFDEVAFHTIARQVSGEMVISIQLIDSFQQSETGQKSLCYRLTFQSCDKALSRQEVAEMQLLFRKEIKRRLGVALR
XP_014796405.1	chr5	6.3	34.3	29.032	150	205	35347695	35347868	NRDHMLRAHTSAHQW------DLIHSGLDAFLAVGDVYRRDTIDNTHYPVFHQMEGVRLFSC	SRDHLVQPHCAKHGQPEQVIQDCVHSGFECFLR----WRLHNLSGKPVPVFNHYHSKKMFSC
