XP_014816865.1	chr11	6.43e-28	125	89.552	199	265	22837281	22837087	SFLLNGSKVWISNGGLANIFTVFARTEVVDKDGQLKDKITAFIVERDFGGVTHGKPEDKLGIRGSNT	SFL--SKQVWISNGGLANIFTVFARTEVVDKEGQLKDKITAFIVERDFGGVTHGKPEDKLGIRGSNS
XP_014816865.1	chr11	2.38e-20	101	85.455	375	429	22832868	22832704	AMVKVFSSEGAWACVSEALQILGGLGYMKDYPYERYLRDSRILLIFEGTNEILRL	AQRQVFSSEGAWACVSEALQILGGLGYMKDYPYERYLRDARILLIFEASNNILVL
XP_014816865.1	chr11	1.91e-17	92.0	88.000	338	387	22833784	22833635	QEKFCLMAVKAYVMESMAYLTAGMMDRPGFPDCSVEAAMVKVFSSEGAWA	QEKFCLMAVKAYVMESMSYLTAGMMDRPGFPDCSVEAAMVKVTHSIGRLA
XP_014816865.1	chr11	1.37e-14	82.8	70.909	442	496	22829786	22829622	ILTDKIKEIKKGNVGVALGEFLNRLRDTMGRKVDYGLAGDGGVVHPSLQESSKKL	LFAQPFREIKKGNVGVALGEFLNKLRDMMGRKVDYGLVGDRGVVHPSLQVRARGL
XP_014816865.1	chr11	1.56e-11	72.8	97.143	77	111	22843617	22843513	VDSKKIDQEAKIPPETLKGLKDLGLFGMQIPEEYG	VDSKKIDQDAKIPPETLKGLKDLGLFGMQIPEEYG
XP_014816865.1	chr11	1.85e-11	72.8	100.000	111	146	22841036	22840929	GGLGLSNTMYARLGEITSLDGSIAVTLAAHQAIGLK	GGLGLSNTMYARLGEITSLDGSIAVTLAAHQAIGLK
XP_014816865.1	chr11	3.01e-11	72.0	100.000	585	616	22825609	22825514	ADENLDDCIKKAAKQILEKRAYTCSHPLDRTF	ADENLDDCIKKAAKQILEKRAYTCSHPLDRTF
XP_014816865.1	chr11	3.28e-11	71.6	100.000	147	179	22840225	22840127	GILIAGTDEQKAKYLPRLASGEHIAAFCLTEPG	GILIAGTDEQKAKYLPRLASGEHIAAFCLTEPG
XP_014816865.1	chr11	1.47e-10	69.7	77.551	1	45	22849435	22849289	MAAAVSGLLLRALRASYPLP----AARGLRTALPRPAFAKELFLGSLRK	MAAAMSGVMLRALRAALPLPVALPAARRLRTAVPRPAFAKELFLGSLRK
XP_014816865.1	chr11	4.74e-10	68.2	84.906	517	569	22827290	22827138	TIVDEQLVLKRVADVVINLYAMTAAISRASRSISIGLRNHDHEVLLTNIFCTE	TIVDEQLILKRVADIVINLYAMTAAISRASRSISIGLRNHDHEV--SDITCTH
XP_014816865.1	chr11	4.67e-08	61.6	93.548	46	76	22846052	22845960	EEVFPYPEISNEELQEINQFVGPVEKFFNEE	EEVFPYPEISNEELEEINQFVGPVEKFFSEE
XP_014816865.1	chr11	1.66e-07	59.7	68.293	410	450	22830436	22830314	YLRDSRILLIFEGTNEILRLYIALTGMQYAGKILTDKIKEI	YLILTSLYVFLQGTNEILRMYIALTGMQYAGKILTDKIKYV
XP_014816865.1	chr11	1.51e-06	56.6	44.304	282	351	22834311	22834075	GEVGGGFKVAMNILNSGRFSMGSASAGMIKKLI----EMTAEYACTRKQFNKKLSEFGLIQ-----EKFCLMAVKAYVM	ARVGG*QSASSRRLSAGILPPSYSSAGLRWNFFFFFKEMTAEYACTRKQFNKKLSEFGLIQVIN*ISVLCIDEVQKYIL
XP_014816865.1	chr11	2.07e-06	56.2	89.286	264	291	22836472	22836389	NTCEVHFENTKVPIENVIGEVGGGFKVA	SACEVHFENTKVPIENVIGEVGGGFKVS
XP_014816865.1	chr11	6.30e-06	54.7	96.000	559	583	22826113	22826039	EVLLTNIFCTEAYFKNNYAMAQLEK	QVLLTNIFCTEAYFKNNYAMAQLEK
XP_014816865.1	chr11	1.01e-05	53.9	96.429	180	207	22838367	22838284	SGSDAASIQTRATLSEDGKSFLLNGSKV	SGSDAASIQTRATLSEDGKYFLLNGSKV
XP_014816865.1	chr11	1.70e-05	53.1	92.308	491	516	22828256	22828179	ESSKKLEENVHYFGTTVRGLLSRFGK	ESGKKLEENIHYFGTTVRGLLSRFGK
XP_014816865.1	chr11	5.35e-05	51.6	96.154	289	314	22834987	22834910	KVAMNILNSGRFSMGSASAGMIKKLI	QVAMNILNSGRFSMGSASAGMIKKLI
XP_014816865.1	chr13	2.85e-08	62.4	48.214	237	292	22344386	22344553	ITAFIVERDFGGVTHGKPEDKLGIRGSNTCEVHFENTKVPIENVIGEVGGGFKVAM	ISAFLVPMPTAGLSLGKKEDKLGIRASSTANLIFEDCRIPKANLLGQLGMGFKIAM
XP_014816865.1	chr13	9.47e-07	57.4	61.905	391	432	22347299	22347424	EALQILGGLGYMKDYPYERYLRDSRILLIFEGTNEILRLYIA	QAIQILGGMGYVTDMPAERHYRDARITEIYEGTSEIQRLVIA
XP_014816865.1	chr13	0.056	41.6	44.068	179	237	22343948	22344103	GSGSDAASIQTRATLSEDGKSFLLNGSKVWISNGGLANIFTVFARTEVVDKDGQLKDKI	GNGSDAGAASTVARL--DGDEWVLNGTKAWITNAWDASATVVFATT-----DKSLKHKV
XP_014816865.1	chr13	2.4	36.2	37.037	133	179	22343380	22343541	IAVTLAAH-------QAIGLKGILIAGTDEQKAKYLPRLASGEHIAAFCLTEPG	IACTFKGH*LNSQFLKSLYLGPILKFGSEEQKHKWIAPFTSGDKIGCFALSEPG
XP_014816865.1	VMED01000049.1	1.74e-06	56.6	53.333	172	216	49623	49751	AFCLTEPGSGSDAASIQTRATLSEDGKSFLLNGSKVWISNGGLAN	AYCVTEPGAGSDVAGIKTKA--EKKGDEYVINGQKMWITNGGKAN
XP_014816865.1	VMED01000049.1	0.11	40.8	33.333	374	427	53050	53211	AAMVKVFSSEGAWACVSEALQILGGLGYMKDYPYERYLRDSRILLIFEGTNEIL	ASIAKAFAGDVANQVATDAVQIFGGNGFNTEYPVEKLMRDAKIYQVSKQENVIF
XP_014816865.1	VMED01000049.1	1.1	37.4	42.222	255	299	51923	52057	EDKLGIRGSNTCEVHFENTKVPIENVIGEVGGGFKVAMNILNSGR	EMNMGQRCSDTRGIVFEDVRVPKENVLIAEGAGFKIAMGAFDKTR
XP_014816865.1	chr10	2.47e-06	55.8	49.123	169	225	36322126	36322290	HIAAFCLTEPGSGSDAASIQTRATLSEDGKSFLLNGSKVWISNGGLANIFTVFARTE	QIGSFCLSEAGSGSDAFSLKTRA--EKKGDYYIINGSKMWISLAEHAGVFFVMANTD
XP_014816865.1	chr10	1.85e-05	53.1	66.667	237	275	36324629	36324745	ITAFIVERDFGGVTHGKPEDKLGIRGSNTCEVHFENTKV	ITCFIVDRDTEGLHVGKKEDKLGIRASSTCPVTFENVKV
XP_014816865.1	chr10	1.0	37.4	33.824	99	165	36321453	36321656	LGLFGMQIPEEYGGLGLSN-TMYARLGEITSLDGSIAVTLAAHQAIGLKGILIAGTDEQKAKYLPRLA	LQLMSIDLGEEYGGTGASFFSIILVVEELAKVDPAVALLCELQNTLTNKLFTTYGTEEQKRTYLPRVA
XP_014816865.1	chr10	3.5	35.8	42.857	389	416	36330308	36330391	VSEALQILGGLGYMKDYPYERYLRDSRI	TSKCIEWMGGVGFTKNYPIEKYYRDCKI
XP_014816865.1	chr2	0.001	47.4	46.667	248	292	26301288	26301422	GVTHGKPEDKLGIRGSNTCEVHFENTKVPIENVIGEVGGGFKVAM	GIHVAKKIDKLGMRSSDTAQIFFEDVRVPSKNLIGEEGKGFTYQM
XP_014816865.1	chr12	0.006	44.7	46.667	172	216	35128362	35128490	AFCLTEPGSGSDAASIQTRATLSEDGKSFLLNGSKVWISNGGLAN	AYFVTEPGAGSDVVGIKTKA--EKKGGEYVVNGQKMCITNGGKAN
XP_014816865.1	chr12	2.4	36.2	34.783	374	419	35131686	35131823	AAMVKVFSSEGAWACVSEALQILGGLGYMKDYPYERYLRDSRILLI	ASISKAFAGDVANQVATDAVQIFGGNGFNTEYPVE*LMRDAKIYQV
XP_014816865.1	chr5	0.014	43.5	47.917	197	244	69523490	69523627	GKSFLLNGSKVWISNGGLANIFTVFARTEVVDKDGQLKDKITAFIVER	GDYFVLNGNKFWITNGPDADVLIVYAKTDV--NAVPASRGITAFIVER
XP_014816865.1	chr5	0.029	42.7	47.500	393	432	69530506	69530625	LQILGGLGYMKDYPYERYLRDSRILLIFEGTNEILRLYIA	FSIAGGNGYINDYPMGRFLRDAKLYEIGAGTSEVRRLVIG
XP_014816865.1	chr5	0.13	40.4	50.000	248	285	69524152	69524250	GVTHGKPEDKLGIRGSNTCEVHFENTKVPIENVIGEVG	GFSTAQKLDKLGMRGSNTCELIFEDCKIP-----GELG
XP_014816865.1	chr18	0.25	39.7	33.333	132	179	3400961	3401104	SIAVTLAAHQAIGLKGILIAGTDEQKAKYLPRLASGEHIAAFCLTEPG	TVMLLLFSCSSMCVWMIDTFGNEEQRRRFCPSLCSMEKFASYCLTEPG
XP_014816865.1	chr18	0.29	39.3	44.444	390	425	3403909	3404016	SEALQILGGLGYMKDYPYERYLRDSRILLIFEGTNE	NQALQMHGGYGYLKDYAVQQFVRDIRVHQILEGKRH
XP_014816865.1	chrZ	2.5	36.2	36.538	11	62	67215427	67215272	RALRASYPLPAARGLRTALPRPAFAKELFLGSLRKEEVFPYPEISNEELQEI	RSLRALCPVGAGNTLRMEMAQPVCAPAALLGFLHGEKPFPYPQAEDLLFQSV
XP_014816865.1	chr4	2.5	36.2	48.718	11	49	49098749	49098859	RALRASYPLPAARGLRTALPRPAFAKELFLGSLRKEEVF	RALRKSFPAP--RHLHTCFERPSFSKWLFLRKVIKTNSF
XP_014816865.1	chr6	3.6	35.8	53.125	254	285	14992494	14992399	PEDKLGIRGSNTCEVHFENTKVPIENVIGEVG	PEKTMGIKHSNTAEVHLGNGKVLAENLPGDSG
XP_014816865.1	chr9	6.8	35.0	35.714	140	181	43433637	43433762	HQAIGLKGILIAGTDEQKAKYLPRLASGEHIAAFCLTEPGSG	HSDIVMPYIANYGSEEQIKRFIPEMVAGKCIGAIAMTEPGAG
