XP_014795240.1	chrZ	3.42e-41	165	93.902	237	318	543563	543808	QAPGGHELNCDYWELIGLAPAGGADNLLNEDSEVDVQLNNRHMMIRGENMSKIFKVRSMVVQAFRDHFFANGYYEVTPPTLV	QAPGGHELNCDYWELIGLAPAGGADNLLNEDSEVDVQLNNRHMMIRGENMSKIFKVRSMVVQAFRDHFFANGYYEVSIFSFV
XP_014795240.1	chrZ	2.76e-33	141	98.551	311	379	544175	544381	EVTPPTLVQTQVEGGSTLFKLDYFGEEAYLTQSSQLYLETCIPALGDVFCVAQSYRAEQSRTRRHLAEY	QVTPPTLVQTQVEGGSTLFKLDYFGEEAYLTQSSQLYLETCIPALGDVFCVAQSYRAEQSRTRRHLAEY
XP_014795240.1	chrZ	4.06e-25	116	70.513	1	78	538256	538489	PSGWFPRFIAADNREDLYALVCFQLFLNVSLAGCFFLSNCPCLSCLAEELYVSEREGNDSTGDGTQKKPFKTVLKALM	PSGWF*RFIAAANHEDFISLCVSSFFLNISIVDYFFFSNCLCLSCITEELYVSEREGNDSTGDGTQKKPFKTVLKVTV
XP_014795240.1	chrZ	1.43e-20	101	97.778	548	592	549194	549328	DQRKYGTCPHGGYGLGLERFLTWILNRHHIRDVCLYPRFVQRCKP	SQRKYGTCPHGGYGLGLERFLTWILNRHHIRDVCLYPRFVQRCKP
XP_014795240.1	chrZ	7.55e-19	96.3	100.000	506	549	548466	548597	VDVLMPNVGEIVGGSMRTWDSEELLEGYRREGIDPTPYYWYTDQ	VDVLMPNVGEIVGGSMRTWDSEELLEGYRREGIDPTPYYWYTDQ
XP_014795240.1	chrZ	2.97e-17	91.3	93.333	462	506	547697	547831	DIPEAPERLMTDTINEPILLCRFPAEIKSFYMQRCREDARLTESV	DIPEAPERLMTDTINEPILLCRFPAEIKSFYMQRCHDDSRLTESV
XP_014795240.1	chrZ	7.24e-17	90.1	93.333	379	423	544830	544964	YTHIEAECPFISFEDLLDRLENLVCDVVDRVLKSPASSLLYDLNP	YTHIEAECPFITFEDLLDRLESLVCDVVDRVLKSPASSFLYDLNP
XP_014795240.1	chrZ	2.17e-16	88.6	85.106	415	461	545972	546112	SSLLYDLNPGFQPPKRPFRRMNYSEAIEWLKEHDVKKEDGTYYEFGE	SSAVYSYLQGFQPPKRPFRRMNYTEAIEWLKEHDVKKEDGTYYEFGE
XP_014795240.1	chrZ	6.11e-13	48.9	100.000	76	97	538691	538756	ALMTAGKEPFPTIYVDSQKENE	ALMTAGKEPFPTIYVDSQKENE
XP_014795240.1	chrZ	6.11e-13	48.9	100.000	98	119	538863	538928	RWAIISKSQMKNVKKLWHREQM	RWAIISKSQMKNVKKLWHREQM
XP_014795240.1	chrZ	1.94e-08	62.8	81.579	209	246	542695	542799	CQCYNGLVLSTESSVAVYGTLNLVPEGKQAPGGHELNC	CQCYNGLILSTESSVAVYGTLNLVPEGKQV---RELAC
XP_014795240.1	chrZ	2.94e-07	58.9	87.500	159	190	540126	540221	VKIDALKAYRGQRVKIFGWIHRLRRQGKNLMF	VKIDALKEYRGQRVKIFGWIHRLRRQGKPQAF
XP_014795240.1	chrZ	9.94e-06	53.9	88.889	185	211	541206	541286	GKNLMFIVLRDGTGFLQCVLSDELCQC	GKNLMFVVLRDGTGFLQCVLSDELVSC
XP_014795240.1	chrZ	1.07e-04	50.4	76.667	138	167	539200	539289	NLEEAKKVVIKNDPSLPEPKCVKIDALKAY	NLEEAKKVVIKNDPSLPEPRCVRSSALDTW
XP_014795240.1	chr1	2.95e-06	55.5	53.659	546	586	208851898	208851776	YTDQRKYGTCPHGGYGLGLERFLTWILNRHHIRDVCLYPRF	YLDLRKFGSVPHGGFGMGFERYLQYILGVDNIKDVIPFPRF
XP_014795240.1	chr1	0.11	40.8	43.182	354	396	208875696	208875565	ALGDVFCVAQSYRAEQSRTRRHLAEYTHIEAECPFI-SFEDLLD	AFTHVFTFGPTFRAENSQSRRHLAEFYMVEAELSFTESLQDIMQ
XP_014795240.1	chr9	0.029	42.7	44.000	313	361	7495038	7495187	TPPTLVQTQVEGGSTLFKLDYFGEEAYLTQSSQLYLETCIPA-LGDVFCV	TASICFSAASEGGANVFTVSYFKSSAYLAQSPQLYKQMCICADFEKVFCV
XP_014795240.1	chr18	3.7	35.8	27.778	138	236	4593709	4594026	NLEEAKKVVIKNDPSLPEPKCVKIDALKAY---------RGQRVKIFGWIHRLRRQGKNLMFIVLRDGTGFLQCVLSDELCQCYNGLVLSTESSVAVYGTLNLVPEGK	SIERGRKPSARRDAALCRSRCRGTGALRPWENSLERPGRKGTRSSWGIWSWRGAGPGATLLGLGSQGAVGRPRCFLS-ELAQVVVG-ALALKGRGALVGAANLVPEGE
