XP_014819862.1	chr3	4.04e-31	130	92.683	323	404	16107078	16107320	LFKGLTQQETHQQLANQKSLYVVEFREEQGPLPIVVALPEGTVREDPEPEDEVPDTKLEWSDVKEAQGMKKSPWANVRRTIW	LFSFLLQ-ETHQQLANQKSLYVVEFREEQGPLPIVVALPEGTVREDPEPEDEVPDTKLEWSDVKEAQGMKKSPWVNVRRTVW
XP_014819862.1	chr3	3.30e-20	98.2	97.826	285	330	16105520	16105657	GYGLHCHRAIITICKLIGIKDMYAKVSGSKNLINVTRALFKGLTQQ	GYGLHCHRAIITICKLIGIKDMYAKVSGSKNLINITRALFKGLTQQ
XP_014819862.1	chr3	5.11e-20	97.4	82.353	15	65	16059221	16059373	FRAAWRGFASVPAKGSCCSYSSLSWAFQTRCSISAPWNVTVQQCRRSSFFN	FLSSFSGFASVPVKGSCCSYSSLAWAFQTRCSISAPWNVTVQQCRQTSFFN
XP_014819862.1	chr3	8.82e-20	96.7	96.875	109	172	16069216	16069407	GRSGFLWPGLNAPVIQSGRVQAVTQRKKEERERIQSEIVQQRDTWEKKRKIKIKREGGWSGKCW	GRSGFLWPGLNAPVIQSGRVQAVTQRKKEERERIQSEIVQQRDTWEKRRKIKVKREGGWSGKCW
XP_014819862.1	chr3	3.86e-04	47.8	95.455	264	285	16099348	16099413	IYHDITVKFKSTTIRMKKQNKG	VYHDITVKFKSTTIRMKKQNKG
XP_014819862.1	chr3	4.74e-04	47.4	88.000	197	221	16092206	16092280	IEVKNVFCMNAKEGRKKSIRALVAI	LQVKNVFCMKAKEGRKKSIRALVAI
XP_014819862.1	chr3	0.006	43.9	84.000	245	268	16097759	16097833	AKNKAIRCLHFIELYQNHTI-YHDI	AKNKAIRCLHFIETYQNHTSKYYDI
XP_014819862.1	chr3	0.029	41.6	66.216	37	110	16068726	16068920	LSWAFQTRCSISAPWNVTVQQCRRSSFFNTLTADELWKGALAETGVGVKKGRGKRRKKKLRKNLNRGQEIGEGR	FSFSFQYKLYLYITYE---------SFFISVTADELWKGALAETGVGVKKGRGKRRKKKLRKNLNRGQEIGEGR
XP_014819862.1	chr3	0.097	40.0	90.000	1	20	16050500	16050559	MAAAAIGRACTYGAFRAAWR	MAAAAIGRACSYGAFRAVWR
XP_014819862.1	chr1	8.3	33.9	42.308	13	56	125744070	125743915	GAFRAAWRGFASVP--------AKGSCCSYSSLSWAFQTRCSISAPWNVTVQ	GISRAAWQGPAEMPP*ARRREGGKGTPFSVTSLLGGFQTALSNSAPVTVSTQ
