XP_014797881.1	chr7	5.73e-54	119	93.333	313	372	47194676	47194855	MLVVGGMDRVYEIGRQFRNEGIDLTHNPEFTTCEFYMAYADYHNLMDITEKLLSGMVKNI	MLVVGGMDRVYEIGRQFRNEGIDLTHNPEFTTCEFYMAYADYHDLMEITEKLLSGDVCNI
XP_014797881.1	chr7	5.73e-54	116	94.828	367	424	47194933	47195106	GMVKNITGSYKITYHPDGQDGQAYEIDFTPPFRRISMVDELEKVLGVKFPPAEHFETE	GMVKHITGSYKITYHPDGQDGQAYEIDFTPPFRRISMVDDLEKVLGVKFPPAECFETE
XP_014797881.1	chr7	1.30e-30	133	91.429	161	230	47192250	47192459	LQVMANSRLYKSEEEYFRINNKLRRGDIIGVEGNPGKTKKGELSIIPSEITLLSPCLHMLPHLHFGLKDK	LHCFCNYRLYKSEEEYFRINNKLRRGDIIGVEGNPGKTKKGELSIIPYEITLLSPCLHMLPHLHFGLKDK
XP_014797881.1	chr7	1.34e-24	114	87.931	81	138	47191334	47191507	NQYFKIRSHAIQQLKGTNEDPYPHKFHVDISLTEFIEKYSHLQPGDHLTDITLRVAGR	QQYYKIRSNAIQQLKGTNEDPYPHKFHVDISLTDFIEKYSHLQPGDHLTDVTVRVAGK
XP_014797881.1	chr7	1.39e-21	105	100.000	525	572	47198216	47198359	AKAAGDDEAMFIDENFCTALEYGLPPTAGWGMGIDRFTMFLTDSNNIK	AKAAGDDEAMFIDENFCTALEYGLPPTAGWGMGIDRFTMFLTDSNNIK
XP_014797881.1	chr7	2.57e-18	94.7	79.630	483	536	47196488	47196649	HRSHPGLTERFELFVMKKEVCNAYTELNDPIRQRQLFEDQAKAKAAGDDEAMFI	HRSRPGLTERFELFVMKKEVCNAYTELNDPFRQRQLFEDQAKVWCLADSESMIL
XP_014797881.1	chr7	1.10e-16	89.4	90.909	270	313	47194361	47194492	FLEIETPMMNIIPGGAVARPFITYHNELDMNLYMRIAPELYHKM	ILQIETPMMNVIPGGAVARPFITYHNELDMNLYMRIAPELYHKV
XP_014797881.1	chr7	1.44e-16	89.0	93.333	230	274	47192629	47192763	KETRYRQRYLDLILNDYVRQKFITRAKIITYIRSFLDELGFLEIE	QETRYRQRYLDLILNDYVRQKFITRAKIITYIRSFLDELGFLEVR
XP_014797881.1	chr7	2.01e-11	72.4	84.211	445	482	47196107	47196220	RTTARLLDKLVGEFLEVTCINPTFICDHPQIMSPLAKW	RIVLPLLSQLVGEFLEVTCINPTFICDHPQIMSPLAKW
XP_014797881.1	chr7	4.32e-10	68.2	100.000	137	168	47191907	47192002	GRIHAKRASGGKLIFYDLRGEGVKLQVMANSR	GRIHAKRASGGKLIFYDLRGEGVKLQVMANSR
XP_014797881.1	chr7	1.29e-07	60.1	96.552	572	600	47198944	47199030	KEVLLFPAMKPEDNKKEAQPDPPAEGTSV	QEVLLFPAMKPEDNKKEAQPDPPAEGTSV
XP_014797881.1	chr7	2.29e-07	59.3	86.667	425	454	47195424	47195513	ETRKFFDDLCVKRNVECAPPRTTARLLDKL	ETRKFFDDLCAERNVECPPPRTTARLLDKV
XP_014797881.1	chr7	7.99e-07	57.4	86.667	1	30	47190406	47190495	MLSPAAVRLRGWVWRAAPLLPWRRALHDPS	MLSPAAARLRGWVWRAAPALRWRRALHDRS
XP_014797881.1	chr7	0.22	39.7	78.261	59	81	47191057	47191125	NKASATCDSENNVAADEENLDPN	NKPSVTSDSENNIAADEESLDPN
XP_014797881.1	chr2	4.88e-07	58.2	51.852	371	424	100468870	100469031	NITGSYKITYHPDGQDGQAYEIDFTPPFRRISMVDELEKVLGVKFPPAEHFETE	KIFGSYRITYQPDDAEL*AVDIDFIPPFK*VSMMEKLEKATGEKLPTLETLETE
XP_014797881.1	chr2	5.54e-07	58.2	49.020	322	372	100468185	100468337	VYEIGRQFRNEGIDLTHNPEFTTCEFYMAYADYHNLMDITEKLLSGMVKNI	VWGVGHQLKNEGVDLTHHPKFPTREFRVAYVDHRDLRNITGDLLSDMTWSV
XP_014797881.1	chr2	0.32	39.3	42.105	490	527	100472507	100472620	TERFELFVMKKEVCNAYTELNDPIRQRQLFEDQAKAKA	TEHSALLIMQKELCTAY*KHHHPVKQGQLFKEQTRLTA
XP_014797881.1	chr2	0.40	38.9	45.000	274	313	100467322	100467438	ETPMMNIIPGGAVARPFITYHNELDMNLYMRIAPELYHKM	ETPM-SMTTVGTAAKPFISHQIDLIMGMYVLVAPELYRKV
XP_014797881.1	chrZ	2.2	36.6	35.294	545	578	549203	549304	EYGLPPTAGWGMGIDRFTMFLTDSNNIKEVLLFP	KYGTCPHGGYGLGLERFLTWILNRHHIRDVCLYP
XP_014797881.1	chr1	9.0	34.3	38.235	545	578	208851883	208851782	EYGLPPTAGWGMGIDRFTMFLTDSNNIKEVLLFP	KFGSVPHGGFGMGFERYLQYILGVDNIKDVIPFP
