XP_014806397.1	chr3	5.27e-61	153	100.000	1410	1477	21270083	21270286	QGATSHHLGQNFSKMFEIVFEDPKKPGEKQFAYQNSWGITTRTIGVMTMIHGDNMGLVLPPRVACVQV	QGATSHHLGQNFSKMFEIVFEDPKKPGEKQFAYQNSWGITTRTIGVMTMIHGDNMGLVLPPRVACVQV
XP_014806397.1	chr3	5.27e-61	107	100.000	1359	1410	21269809	21269964	VMQILDLYAQVYEDLLAIPVVKGRKTEKEKFAGGDYTTTVEAFISASGRAIQ	VMQILDLYAQVYEDLLAIPVVKGRKTEKEKFAGGDYTTTVEAFISASGRAIQ
XP_014806397.1	chr3	1.42e-55	220	88.710	737	860	21261332	21261703	SSVKGKSAPLVADTSTPTCTGSEGHLVIYNRVAAQGDIVRDMKAKKASKEDIDKAVKQLLALKAEYKEKTGQEYKPGNPPVSVTEQSVSSKLGTPGTLDSKALYDKVAEQGEVVRKLKAEKAPK	SAVKGKSAPLVADTSTPACSVSEGHLVLYNRVAAQGDTVRHLKAKKASKEDIDKAVKELLALKAEYKEKTGQEYKPGNPPVSITELCVSSKLGTSGTLDSKALYDKVAEQGEVVRRLKAEKAPK
XP_014806397.1	chr3	1.19e-42	149	92.105	1203	1278	21267441	21267668	QVITKAEMIEYYDVSGCYVLRPWAYAIWEAIKSFFDAEIKKLGVENCYFPMFVSQAALEKEKTHIADFAPEVAWVT	KVITKSEMIEYYDVSGCYVLRPWAYAIWEAIKNFFDAEIKKLGVENCYFPMFVSQAALEKEKTHIADFAPEVHFKT
XP_014806397.1	chr3	1.19e-42	50.1	100.000	1275	1297	21267766	21267834	AWVTRSGKTDLAEPIAVRPTSET	AWVTRSGKTDLAEPIAVRPTSET
XP_014806397.1	chr3	4.90e-41	172	98.734	372	450	21253061	21253297	KVYPTYDFACPIVDSIEGVTHALRTTEYHDRDEQFYWIIEALGIRKPYIWEYSRLNLNNTVLSKRKLTWFVNEGLVDGW	RVYPTYDFACPIVDSIEGVTHALRTTEYHDRDEQFYWIIEALGIRKPYIWEYSRLNLNNTVLSKRKLTWFVNEGLVDGW
XP_014806397.1	chr3	4.17e-31	139	88.158	588	663	21259743	21259970	RNSSGKIVSIDAKLNLDNKDFKKTTKITWLAETQRAPLIPTVCVNYEHLITKPVLGKDEDFKQYINRNSKQEELML	RNSSGKIVSIDAKLNLDNKDFKKTTKITWLAESPHAPLIPTVCVNYEHLITKPVLGKDEDFKQYINQNSKVSYLFV
XP_014806397.1	chr3	2.58e-30	137	95.455	250	315	21251330	21251527	KVILEDVAMLHIKPDQFTYTSDHFETIMKYAEKLIQEGKAYVDDTPAEQMKAEREQRVESKHRNNC	QVILEDVAMLHIKPDQFTYTSDHFEAIMKYAEKLIQEGKAYVDDTPAEQMKAEREQRMESKHRNNC
XP_014806397.1	chr3	4.71e-29	132	94.118	1021	1088	21264464	21264667	DEIDEAVKLLLSLKADYKEKTGQDYKPGHPPVAQSALPQVSNTVPSGPDTPNAKALFSKVALKGDEVR	DEIDEAVKLLLSLKADYKEKTGQDYKPGHPPVAQGALPQASNTVPSGPDTPEAKALFSKVALQGDEVR
XP_014806397.1	chr3	6.05e-27	125	96.491	316	372	21251897	21252067	VNKNLQMWEEMKKGSEYGQTCCLRAKIDMSSNNGCMRDPTLYRCKNQPHPRTGSTYK	VNKNLQMWEEMKKGTEYGQTCCLRAKIDMSSNNGCMRDPTLYRCKNQPHPRTGNTYK
XP_014806397.1	chr3	7.91e-27	125	82.143	937	1020	21263422	21263667	KELIDEAVKILLNLKAEYKQKTGQEYKPGNPPSALPCMPSTTLPSSICCSNSASCSLVDSKALYDNVAEQGEVVRRLKAEKASK	QEQIDEAVKILLNLKAEYKQKTGQEYKPGNPPSTPPCIPSTALP--SSVCNLATCSLVDGKALYDNVAEQGEVVRRLKAEKASK
XP_014806397.1	chr3	9.28e-27	125	95.000	1475	1534	21270640	21270819	VQVVIIPCGITNSLSEEDKEALLRKCNEYRNRLLSVNIRVRADLRDNYSPGWKFNHWELK	LQVVIIPCGITNSLSEEDKETLLKKCNEYRNRLLSVNIRVRADLRDNYSPGWKFNHWELK
XP_014806397.1	chr3	5.13e-25	119	100.000	1636	1685	21277773	21277922	RDQDLEPGAPSMGAKSLCIPFQPLRELQCGTRCVCGKNPAKFYTLFGRSY	RDQDLEPGAPSMGAKSLCIPFQPLRELQCGTRCVCGKNPAKFYTLFGRSY
XP_014806397.1	chr3	6.01e-24	115	61.682	916	1020	21261413	21261703	LYSKVAEQGEVVRKLKSEKASKELIDEAVKILLNLKAEYKQKTGQEYKPGNPPSALP--CMPSTTLPSSICCSNSASCSLVDSKALYDNVAEQGEVVRRLKAEKASK	LYNRVAAQGDTVRHLKAKKASKEDIDKAVKELLALKAEYKEKTGQEYKPGNPPVSITELCVSS----------KLGTSGTLDSKALYDKVAEQGEVVRRLKAEKAPK
XP_014806397.1	chr3	3.29e-22	110	92.857	1533	1588	21272910	21273077	LKGVPVRVEVGPRDMKSQQFVAVRRDTGQKLTFSEREAEDRLKQILEEIHTNLYNR	MKGVPVRVEVGPRDMKCQQFVAVRRDTGQKLTFSEHEAEDRLKQILEEIHANLYNR
XP_014806397.1	chr3	1.42e-21	108	91.071	78	133	21247184	21247351	IDHWLEFSATKLSTASQFLSALQELNHCLSLRTYLVGNSLSLADLCVWAVLKDNNV	IDHWLEFSATKLSTASQFLSAVQELNHCLSLRTYLVGNSLSLADLCVWAVLKGISI
XP_014806397.1	chr3	3.99e-19	100	91.837	540	588	21258868	21259014	HPKNADVGLKPVWYGSRVLIEGADAETLTEGEVVTFINWGNIIITKLNR	YSQNVDVGLKPVWYGSRVLIEGADAETLTEGEVVTFINWGNIIITKLNR
XP_014806397.1	chr3	1.68e-18	98.2	88.000	127	176	21248513	21248662	VLKDNNVWQEQLQQNKAPVHAKRWYGFLEVQRAFQSVGAKWASGTPKVKM	FLTDNNIWQEQLQQNKAPVHAKRWYSFLEAQRAFQSVGAKWASGTAKVKM
XP_014806397.1	chr3	4.15e-18	96.7	58.889	999	1088	21261413	21261676	LYDNVAEQGEVVRRLKAEKASKDEIDEAVKLLLSLKADYKEKTGQDYKPGHPPVAQSALPQVSNTVPSGPDTPNAKALFSKVALKGDEVR	LYNRVAAQGDTVRHLKAKKASKEDIDKAVKELLALKAEYKEKTGQEYKPGNPPVSITELCVSSKLGTSG--TLDSKALYDKVAEQGEVVR
XP_014806397.1	chr3	2.17e-17	94.4	100.000	209	251	21250726	21250854	YLHIGHAKAALLNQHYQVNFKGKLIMRFDDTNPEKEKEDFEKV	YLHIGHAKAALLNQHYQVNFKGKLIMRFDDTNPEKEKEDFEKV
XP_014806397.1	chr3	5.78e-17	92.8	63.415	785	860	21263422	21263667	KEDIDKAVKQLLALKAEYKEKTGQEYKPGNPPV------SVTEQSVSSKLGTPGTLDSKALYDKVAEQGEVVRKLKAEKAPK	QEQIDEAVKILLNLKAEYKQKTGQEYKPGNPPSTPPCIPSTALPSSVCNLATCSLVDGKALYDNVAEQGEVVRRLKAEKASK
XP_014806397.1	chr3	1.02e-16	92.0	56.566	839	937	21261413	21261703	LYDKVAEQGEVVRKLKAEKAPKDDIGAAVEVLLSLKAEYKRQTGQEYKPRSLPVVSVPPQSSPLSGLPSPCLVDSKSLYSKVAEQGEVVRKLKSEKASK	LYNRVAAQGDTVRHLKAKKASKEDIDKAVKELLALKAEYKEKTGQEYKP--GNPPVSITELCVSSKLGTSGTLDSKALYDKVAEQGEVVRRLKAEKAPK
XP_014806397.1	chr3	2.18e-16	90.9	61.538	785	860	21262520	21262753	KEDIDKAVKQLLALKAEYKEKTGQEYKPGNPPVSVT--EQSVSSKLGTPGTLDSKALYDKVAEQGEVVRKLKAEKAPK	QDEIGAAVEVLLSLKAEYKQQTGQEYKPGSPPVVLVPPQSSPVSTLPYPCSVDSKSLYNKVAEQGEVVRKLKSEKASK
XP_014806397.1	chr3	3.12e-16	90.5	85.897	860	937	21262520	21262753	KDDIGAAVEVLLSLKAEYKRQTGQEYKPRSLPVVSVPPQSSPLSGLPSPCLVDSKSLYSKVAEQGEVVRKLKSEKASK	QDEIGAAVEVLLSLKAEYKQQTGQEYKPGSPPVVLVPPQSSPVSTLPYPCSVDSKSLYNKVAEQGEVVRKLKSEKASK
XP_014806397.1	chr3	6.68e-15	86.3	58.333	940	1020	21262529	21262753	IDEAVKILLNLKAEYKQKTGQEYKPGNPPSAL---PCMPSTTLPSSICCSNSASCSLVDSKALYDNVAEQGEVVRRLKAEKASK	IGAAVEVLLSLKAEYKQQTGQEYKPGSPPVVLVPPQSSPVSTLPYPCS---------VDSKSLYNKVAEQGEVVRKLKSEKASK
XP_014806397.1	chr3	4.98e-13	80.1	94.737	657	694	21260382	21260495	KQEELMLGDPCLRELKKGDIIQLQRRGFFICDQPYEPV	QQEELMLGDPCLRELKKGDIIQLQRRGFFICDQPYETV
XP_014806397.1	chr3	8.73e-13	79.3	57.143	786	860	21264464	21264694	EDIDKAVKQLLALKAEYKEKTGQEYKPGNPPVS--VTEQSVSSKLGTPGTLDSKALYDKVAEQGEVVRKLKAEKAPK	DEIDEAVKLLLSLKADYKEKTGQDYKPGHPPVAQGALPQASNTVPSGPDTPEAKALFSKVALQGDEVRKLKAEKTEK
XP_014806397.1	chr3	1.57e-12	78.2	90.000	503	542	21257165	21257284	YKKVIDPVAPRYTALLKDAVVPVNISEAQEEMKEVAKHPK	FLQVIDPVAPRYTALLKDAVVPVNIPEAQEEMKEVAKHPK
XP_014806397.1	chr3	1.08e-11	75.5	53.012	940	1020	21264470	21264694	IDEAVKILLNLKAEYKQKTGQEYKPGNPPSALPCMP--STTLPSSICCSNSASCSLVDSKALYDNVAEQGEVVRRLKAEKASK	IDEAVKLLLSLKADYKEKTGQDYKPGHPPVAQGALPQASNTVPSGPDTP--------EAKALFSKVALQGDEVRKLKAEKTEK
XP_014806397.1	chr3	7.63e-11	72.8	97.059	45	78	21245219	21245320	HVSFTDVNSIARYLARVAGSAGLYGSNLLEHTEI	HVSFTDVNSIARYLARVAGSAGLYGSNLLEHTEV
XP_014806397.1	chr3	1.79e-09	68.2	100.000	1297	1324	21268625	21268708	TVMYPAYAKWVQSHRDLPIKLNQWCNVV	TVMYPAYAKWVQSHRDLPIKLNQWCNVV
XP_014806397.1	chr3	4.07e-09	67.0	100.000	177	208	21249320	21249415	ATEKKADVGKFVELPGAEMGKVIVRFPPEASG	ATEKKADVGKFVELPGAEMGKVIVRFPPEASG
XP_014806397.1	chr3	1.08e-08	65.5	52.439	860	937	21263422	21263667	KDDIGAAVEVLLSLKAEYKRQTGQEYKP----RSLPVVSVPPQSSPLSGLPSPCLVDSKSLYSKVAEQGEVVRKLKSEKASK	QEQIDEAVKILLNLKAEYKQKTGQEYKPGNPPSTPPCIPSTALPSSVCNLATCSLVDGKALYDNVAEQGEVVRRLKAEKASK
XP_014806397.1	chr3	2.89e-08	64.3	46.667	1020	1088	21263422	21263640	KDEIDEAVKLLLSLKADYKEKTGQDYKPGHPPVAQSALPQVSNTVPSG------PDTPNAKALFSKVALKGDEVR	QEQIDEAVKILLNLKAEYKQKTGQEYKPGNPPSTPPCIP--STALPSSVCNLATCSLVDGKALYDNVAEQGEVVR
XP_014806397.1	chr3	4.36e-08	63.5	52.113	1020	1088	21262520	21262726	KDEIDEAVKLLLSLKADYKEKTGQDYKPGHPPVAQSALPQVS--NTVPSGPDTPNAKALFSKVALKGDEVR	QDEIGAAVEVLLSLKAEYKQQTGQEYKPGSPPVVLVP-PQSSPVSTLPY-PCSVDSKSLYNKVAEQGEVVR
XP_014806397.1	chr3	6.69e-08	63.2	96.429	695	722	21261114	21261197	SPYSCKEAPCILIYIPDGHTKEMPTSGS	SPYSCKDAPCILIYIPDGHTKEMPTSGS
XP_014806397.1	chr3	1.67e-07	61.6	100.000	451	478	21254312	21254395	DDPRFPTVRGVLRRGMTVEGLKQFIAAQ	DDPRFPTVRGVLRRGMTVEGLKQFIAAQ
XP_014806397.1	chr3	5.54e-07	60.1	48.052	861	937	21264464	21264694	DDIGAAVEVLLSLKAEYKRQTGQEYKPRSLPVVSVPPQSSPLSGLPSPCLVDSKSLYSKVAEQGEVVRKLKSEKASK	DEIDEAVKLLLSLKADYKEKTGQDYKPGHPPVAQGALPQASNTVPSGPDTPEAKALFSKVALQGDEVRKLKAEKTEK
XP_014806397.1	chr3	8.78e-07	59.3	83.784	16	48	21240646	21240756	GALLTVEHVKNDVEISVEEGKETILHVSE----HVSF	GALLTVEHVKNDVEISVEEGKETILRVSE*VTLHLSF
XP_014806397.1	chr3	3.11e-06	57.4	83.333	1586	1615	21274038	21274127	YNRASEDLRSHMVVANTMEDFQKELDSGKI	FLRASEDLKSHMVVANSMEDFQKELDSGKV
XP_014806397.1	chr3	1.12e-05	55.8	100.000	1325	1346	21269049	21269114	RWEFKHPQPFLRTREFLWQEGH	RWEFKHPQPFLRTREFLWQEGH
XP_014806397.1	chr3	6.81e-05	53.1	95.652	1614	1636	21277435	21277503	KIVQIPFCGEIECEDWIKKTTAR	QIVQIPFCGEIECEDWIKKTTAR
XP_014806397.1	chr3	3.49e-04	50.8	100.000	1107	1130	21265036	21265107	LLQLKAQYKSVAGVDYKPVSASGT	LLQLKAQYKSVAGVDYKPVSASGT
XP_014806397.1	chr3	0.001	48.9	87.500	478	501	21254721	21254792	QGSSRSVVNMEWDKIWSFNKRLRA	QGSSRSVVNMEWDKIWSFNKKVCA
XP_014806397.1	chr3	0.015	45.4	56.757	1186	1222	21266526	21266621	RLGLEAKKEENLADWFSQVITKAEMIEYYDVSGCYVL	RLGLEAKKEENLADWFSQVSAHQ-----FELKNCFIL
XP_014806397.1	chr3	7.1	36.6	64.286	785	812	21265006	21265089	KEDIDKAVKQLLALKAEYKEKTGQEYKP	KEKIDAAVKELLQLKAQYKSVAGVDYKP
XP_014806397.1	chr8	0.001	49.3	31.858	53	163	420848	420540	SIARYLARVAGSAGLYGSNLLEHTEIDHWLEFSATKLSTAS--QFLSALQELNHCLSLRTYLVGNSLSLADLCVWAVLKDNNVWQEQLQQNKAPVHAKRWYGFLEVQRAFQSV	NIARFLFSLFGQK----YNAVTSTLIDSWVDTAIFQLKEGSSKERGAVLRSMNAALGKTAWLVGNELSVADVVVWCVL------QQTGSANAAPANVQKWMKSCENLAPFSSV
XP_014806397.1	chr5	0.005	47.0	65.625	1020	1051	10297028	10296933	KDEIDEAVKLLLSLKADYKEKTGQDYKPGHPP	QDEIDAAVRMLLSLKLSYKTATGQDYQAGLPP
XP_014806397.1	chr5	0.39	40.8	48.718	940	978	10297019	10296903	IDEAVKILLNLKAEYKQKTGQEYKPGNPPSALPCMPSTT	IDAAVRMLLSLKLSYKTATGQDYQAGLPPRDLALINNGT
XP_014806397.1	chr11	0.009	46.2	41.818	402	456	5896208	5896369	RDEQFYWIIEALGIRKPYIWEYSRLNLNNTVLSKRKLTWFVNEGLVDGWDDPRFP	RRSSYFWLCNALDVYCPVQWEYGRLNLLYTVVSKRKIIRLVETGAVR-WERGQQP
XP_014806397.1	chr11	1.6	38.5	38.983	201	259	5895028	5895180	RFPPEASGYLHIGHAKAALLNQHYQVNFKGKLIMRFDDTNPEKEKEDFEKVILEDVAML	RWPCDPSG-------SGCSLSPHPQAN-SGVCFLRYDDTNPEKEEEKYFTAIREMVEWL
XP_014806397.1	chr11	2.5	38.1	60.714	197	224	5894876	5894959	KVIVRFPPEASGYLHIGHAKAALLNQHY	QVRTRFPPEPNGILHIGHAKAINFNFGY
XP_014806397.1	chr11	8.0	36.2	50.000	373	402	5895957	5896046	VYPTYDFACPIVDSIEGVTHALRTTEYHDR	IYPTYDYTHCLCDSIEHITHSLCTKEFQAR
XP_014806397.1	chr12	0.051	43.5	23.411	1218	1481	29144828	29143956	GCYVLRPWAYAIWEAIKSFFDAEIKKLGVENCYFPMFVSQAALEKEKTHIADFAPEVAWVT-RSGKTDLAEPIAVRPTSETVMYPAYAKWVQSHRDLPIKLNQWCNVVRWEFKHPQPFLRTREFLWQEGHTAFATYEEAAEEVMQILDLYAQVYEDLLAIPVVKGRK-------TEKEKF--------------AGGDYTTTVEAFIS------------ASGRAIQGATSHHLGQNFSKMFEIVFEDPKKPGEKQFAYQNSWGI-TTRTIGVMTMIHGDNMGLVLPPRVACVQVVIIP	GCYYYLPPTVRAMEKLVKVMDEEMQAVGGQKLNMPS-LSSAELWRASGRWEQMGPELFRLTDRHGKHYCLGPTHEEAVTELVA----AHSNLSYKQLPLRLYQVTRKFRDEPKPRFGLLRGREFYMKDMYTFDASEEAARRTYDLVCDAYCSLF-DRLGLPFVKVRAATGSIGGTVSHEFQLPADVGEDRLVLCPDGHFAANVETLNGEQTSCPTCGEKLTQTRGIEVGHTFYLGTKYSSVSNAVFLSPEN--KPQLAEMGCYGLGVTRILAASIEVLSKEDSIRWPSLIAPYQLCFIP
