XP_014806389.1	chr3	5.19e-33	144	98.462	188	252	33834125	33834319	VPASHVLPFPLKDNFWEMGDTGPCGPCTEIHYDHVGGGRNAAALVNQGSPDVVEIWNLVFMQYSR	VPANHVLPFPLKDNFWEMGDTGPCGPCTEIHYDHVGGGRNAAALVNQGSPDVVEIWNLVFMQYSR
XP_014806389.1	chr3	5.97e-31	137	98.413	76	138	33832331	33832519	FKPIFLGTVHPRSELAQHRRGVNSQKCVRAGGKHNDLEDVGRDTYHHTFFEMLGNWSFGDYFK	FKPIFLGTVHPRSELAQHRRVVNSQKCVRAGGKHNDLEDVGRDTYHHTFFEMLGNWSFGDYFK
XP_014806389.1	chr3	8.56e-26	120	96.491	529	585	33840863	33841033	EFSPCQATVLMLYRDQSLQKEVGAGQRCGVVLDRTNFYAEQGGQACDQGYMIRLGQQ	EFSPCQATVLMLYRDQSLQKEAGAGQRCGVILDRTNFYAEQGGQACDQGYMIRLGQQ
XP_014806389.1	chr3	2.42e-23	112	71.795	909	986	33849603	33849830	PGSSVLLLSPQVSGEVLCACQVSKSCLPVFSAADWAVAVCTRMEGKAGGSPVVAKGSGNAKGMQGALVTALEFARSKL	PSSSSLQSAPQ--SKLLCSLSLPQNCLPVFSAADWAVAVCTQMEGKAGGSPIVAKGSGNAKGMQGALTTALQFAQSKL
XP_014806389.1	chr3	1.13e-22	110	86.885	15	75	33831813	33831995	VPWRWRCSPRREGSGCPSAEQVRAAFLRFFQERHGHRRLPSAPVRPRGDPRLLFVNAGMNQ	VPWRWRYTPRRGESGCLPAGQVRAAFLRFFQERHGHRCLPSAPVRPRGDPRLLFVNAGMNQ
XP_014806389.1	chr3	1.43e-21	107	54.783	867	932	33848934	33849278	QAEEKARSLLEKHCNQPVIIDTVPADSLS-------------------------------------------------ILMKVVNQLCDKSPGSSVLLLSPQVSGEVLCACQVSK	QAEEKAQSLLAKHCNQPVIIDTVPADSLSVSNPCYLLAQQYLRCCIE*EGAAGHIFCCVIGLLGFLL*PDPSSPCLS*ILMKVVNQLCDKSPGTSVLLLSPQVSGEVLCACQVSK
XP_014806389.1	chr3	1.54e-20	103	97.959	301	349	33835388	33835534	GCGGPRYQGLVGDADVGRVNMAYRVVADHVRTLCVCITDGIYPGFSGAE	GCGGPRYQGLVGDADVGRVNMAYRVVADHVRTLCVCITDGIYPGLSGAE
XP_014806389.1	chr3	1.69e-20	103	97.959	252	300	33834825	33834971	REVEGNLLPLPQHHVDTGMGLERLVTILQNKRSNYDTDLFTPILDAIHK	REVEGTLLPLPQHHVDTGMGLERLVTILQNKRSNYDTDLFTPILDAIHK
XP_014806389.1	chr3	2.33e-20	102	92.000	138	187	33833181	33833330	KEEACNMAWELLTEVYEIPKDRLYVTYFGGDSSLGLSADEECRDVWLRLG	QEEACSMAWELLTEVYEIPKDRLYVTYFGGDSSLGLSADEECRDIWLHLG
XP_014806389.1	chr3	1.13e-17	94.0	91.667	623	670	33842505	33842648	EAQRLACMTNHTATHLLNFALRHVLGDNTEQRGSHVTAERLRFDFDTK	QARRLACMTNHTATHLLNFALRCVLGDSTEQRGSHVTAERLRFDFDTK
XP_014806389.1	chr3	1.28e-16	90.5	82.000	479	528	33838873	33839022	RKAGGPQAGQLDDRNTCLDVHSLAQLQSNQVPTTDDSPKYAYTLGQHGQY	RKAGGLQAGQLDNRNMCLDVHSLAQLQNSKMPATDDSPKYAYKLGQHGQY
XP_014806389.1	chr3	1.49e-15	87.0	97.674	436	478	33838003	33838131	AEVAWSLYGNLGFPLDLIDLMLEEKGISLDSAAFNELALEDAK	AEVAWSLYGNLGFPLDLIDLMLEEKGISLDSAAFNKLALEDAK
XP_014806389.1	chr3	1.72e-15	87.0	80.000	789	840	33846682	33846846	QAREVGQCLAMEVDSVSLRMKQRSTSIPEMQNLSKEVGQLTKV---VANTAMPQW	QAREVGQCLAMEVDSVSLRMKQRTTSIPEMQNLSKEVGQLTKVRITLMCRKIPAW
XP_014806389.1	chr3	5.09e-14	82.0	90.698	582	624	33842002	33842130	LGQQDILFPVESVRLCGGYVIHEVTAVETLRAGDQVQLFVDEA	LSAQDILFPVESVRLCGGYVIHEVTTVETLRAGDQVQLFVDEV
XP_014806389.1	chr3	1.64e-12	77.0	90.000	398	437	33837340	33837459	QIMDIINENEAAFLSSLERGRRIIERTVQQMQPSTNFPAE	QIMDIINENEVAFLSSLERGRRIIERTVQQMEPSTDFPGE
XP_014806389.1	chr3	3.23e-12	76.3	73.214	831	885	33847985	33848134	VVANTAMPQWQRKELQTILKALQRTANTAIKKLEIQQAEEKARSLLEKHCN-QPVI	VVANTAMPQWQRKELQTVLKALQRTANTAIKKLEVQQV------LWQQHAHLQPVI
XP_014806389.1	chr3	1.48e-11	73.9	97.222	718	753	33843833	33843940	YPDPVRIVSLGVPVETVLTRDSEVAMQTSVELCCGT	YPDPVRIVSLGVPVETVLTRDSEAAMQTSVELCCGT
XP_014806389.1	chr3	2.15e-11	73.6	92.308	754	792	33845063	33845179	HLLQTGAIEDLAIISERQLVKGISRVIAVTGGQAKQARE	HLLQTGAMEDLAIISERQLVKGISRVIAVTGGQAKQVRK
XP_014806389.1	chr3	3.65e-06	56.2	86.275	666	716	33843268	33843420	DFDTKGPVTVEQLQQVEQVVQDMIKRNEVVHMAEVPLTLARRVQGLRAMDE	DLLPQGPVTVEQLQQVEQVVQDVIKRNEAVHMAEVPLTLARRVQGLRAVDE
XP_014806389.1	chr3	2.24e-04	50.4	100.000	362	385	33835859	33835930	FCSEVLHAPPGLLASLVPTVVEVL	FCSEVLHAPPGLLASLVPTVVEVL
XP_014806389.1	chr7	7.08e-24	114	62.500	74	153	25223117	25223356	NQFKPIFLGTVHPRSELAQHRRGVNSQKCVRAGGKHNDLEDVGRDTYHHTFFEMLGNWSFGDYFKEEACNMAWELLTEVY	SQFKPIFLNTIDPSHPLAKLNRATNTQKCIRAGGKHNDLDDVGKDVYHHTFFEMLGSWSFGDYFKVK*ARCSSESLAQSY
XP_014806389.1	chr7	1.11e-18	97.4	68.333	193	252	25225161	25225337	VLPFPLKDNFWEMGDTGPCGPCTEIHYDHVGGGRNAAALVNQGSPDVVEIWNLVFMQYSR	ILPGNMKDNFWEMGDTGPCGPCSEIHYDRI-GDRDASHLVNQDDPNVLEIWNLVFIQFNR
XP_014806389.1	chr7	7.89e-13	78.2	61.017	246	303	25225844	25226020	VFMQYSREVEGNLLPLPQHHVDTGMGLERLVTILQNKRSNYDTDLFTPILDAIHK-GCG	FFLWLNREADGTLKPLPKKSIDTGMGLERLVSVLQNKMSNYDTDLFLPYFEAIQKVGTG
XP_014806389.1	chr7	4.94e-09	65.9	59.615	620	671	25232423	25232575	FVDEAQRLACMTNHTATHLLNFALRHVLGDNTEQRGSHVTAERLRFDFDTKG	FLHQTRRRPVMSNHTATHILNFALRSVLGE-ADQRGSLVAPDRLRFDFTAKG
XP_014806389.1	chr7	7.66e-09	65.1	48.571	529	596	25230819	25231025	EFSPCQATVLMLYRDQSLQKEVGAGQRCGVVLDRTNFYAEQGGQACDQGYMIR--LGQQDILFPVESVRL	DFGSLVATVKAIRREKKFVEEVSTGQECGIVLDRTCFYAEQGGQIYDEGYMVKDDDGREDVSGP-ESLQL
XP_014806389.1	chr7	4.81e-08	62.4	48.214	386	441	25228179	25228346	GDAYPELTKNADQIMDIINENEAAFLSSLERGRRIIERTVQQMQPSTNFPAEVAWS	GDAFPELKKDPDMVKDIINEEEDQFLKTLSRGRRILDRKIQSLGDSKTIPGKAVTS
XP_014806389.1	chr7	2.00e-07	60.5	52.459	695	753	25233301	25233483	VHMAEVPLTLARRVQGLRAM-DEGYPDPVRIVSLGVPVETVLTRDSEVAMQ-TSVELCCGT	VYAKDCPLAAAKAIQGLRAVFDETYPDPVRVVSIGIPVEELLADPSGPAGSVTSIEFCGGT
XP_014806389.1	chr7	2.05e-07	60.5	53.191	137	183	25223946	25224086	FKEEACNMAWELLTEVYEIPKDRLYVTYFGGDSSLGLSADEECRDVW	LQELACKLALELLTQEFGIPAERLYVTYFGGNEAAGLQPDLECKQIW
XP_014806389.1	chr7	0.007	45.4	43.750	300	347	25227254	25227397	KGCGGPRYQGLVGDADVGRVNMAYRVVADHVRTLCVCITDGIYPGFSG	QGTGARPYMGQVGAEDADGIDMAYRVLADHARTITLALSDGGRPDNTG
XP_014806389.1	chr7	0.069	42.4	41.818	21	75	25222322	25222477	CSPRREGSGCPSAEQVRAAFLRFFQERHGHRRLPSAPVRPRGDPRLLFVNAGMNQ	CSFKMEDTL--TASQIRQRFIDFFK-KNKHTYVHSSSTIPLDDPTLLFANAGMNQ
XP_014806389.1	chr7	0.68	38.9	47.222	436	471	25228694	25228801	AEVAWSLYGNLGFPLDLIDLMLEEKGISLDSAAFNE	GDTAWLLYDTYGFPADLTGLIAEEKGLVVDMEGFEE
XP_014806389.1	chr7	0.71	38.9	44.444	580	624	25231521	25231655	IRLGQQDILFPVESVRLCGGYVIHEVTAVETLRAGDQVQLFVDEA	ISLFAQKTEFTVKNVQVRGGYVLHIGTLYGSLKVGDQVHLSIDEV
XP_014806389.1	chr7	2.6	37.0	41.026	754	792	25233917	25234033	HLLQTGAIEDLAIISERQLVKGISRVIAVTGGQAKQARE	HLQNSGHAGPFVIVSEEAIAKGIRRIVAVTGTEARKVRR
XP_014806389.1	chr7	4.3	36.2	42.424	496	528	25230070	25230168	LDVHSLAQLQSNQVPTTDDSPKYAYTLGQHGQY	LDIYAIEELRAQGLEVTDDSPKYSYASDQSGAY
