XP_014806692.1	chr3	1.65e-30	137	97.101	719	787	28382502	28382296	DAINILTEMKEKDVPISDRTVASFFRILNAAAMRGEVETVHRLHETIVNLGLAETAVLHSPLITVHLEK	DAINILTEMKEKDVPISDRTVASFFRILNAAAMRGEVETVNRLHETIVNLGLAETAVLHAPLITVHLEK
XP_014806692.1	chr3	3.57e-29	132	89.394	1	66	28413120	28412923	MYQVRFLTVAPQQEGSVKEEPTSEIQTRQTWQFDWALNKLDNSVRKTGRIPKVLLLKIFHEICKAG	VYQIRFLTVAPQQEGSVKEEPISEVQNRRTWQFDWALNKLDNSVRKTGRIPKTLLLKIFHEICKAG
XP_014806692.1	chr3	4.32e-29	102	92.157	916	966	28355685	28355533	LCENNSDWGKAEAVWTKIQEENIVPREKTLILLADILEKNGQVVPFEVPKV	VSDNNSDWGKAEAVWTKIQEENVVPREKTLILLADILEKNGQVVPFEVPKV
XP_014806692.1	chr3	4.32e-29	51.2	78.125	963	994	28355431	28355336	VPKVRHEETRSLRASNAEERNIRMLCKKNNAK	VLKVRREDTSSLSASNVEERKIRMLCKKNNAK
XP_014806692.1	chr3	2.00e-27	127	64.078	331	406	28404995	28404687	NRDMPVSKLKQFCNELKEAKMHSAPLPFILRCALEANKP---------------------------ALAIDVMKMMKEEGLPLRPHYCWPLLAGYQKEKNLKG	NSLQPMDKLKQFCSELKEAKMHSAPLPFILRCALEANKSGTPLI*LFYICLFKVLGHCLIIL*MFSALAIDVMKMMKEEGLPLRPHYSWPLLVGFQKEKNLKG
XP_014806692.1	chr3	3.73e-27	125	90.000	1064	1133	28344238	28344029	LKDALAVLKGMLDSGLLPTRPAVIALTQTLAEKGDLKNLQALKNMLEDITKSIGVSASLIANAVALAHTK	LIDAMAVLKGVLDSGLLPTRPAVIALTQALAEKGDLKSLQALKNMLEDITKSIGISASLIANAIALAHTK
XP_014806692.1	chr3	2.06e-25	93.2	100.000	106	148	28409128	28409000	LGAVYDTSHYNALLKVYLQNEHKFSPTEFLARMEEANVQPNRV	LGAVYDTSHYNALLKVYLQNEHKFSPTEFLARMEEANVQPNRV
XP_014806692.1	chr3	2.06e-25	48.1	80.769	148	173	28408911	28408834	VTYQRLIAAYCNEGDIEGASKILGFM	VTYQRLIAAYCNEGDIEGARYSFAFM
XP_014806692.1	chr3	7.62e-20	102	92.000	285	334	28405418	28405269	IPDAMNLCLTLITHGFEDISFRILKSFNHLSRDNADQGSFFLQHCVNRDM	LLDAMNLCLTLITHGFEDISFHILKSFNHLSRDNMDQGSFFLQHCVNRDM
XP_014806692.1	chr3	7.38e-19	98.6	81.356	238	296	28406353	28406180	KTLEEVEKTEGYLMDRILMQVIFSLAKAGYPQYIEDIKERIRFERELIPDAMNLCLTLI	QTLEEVEKTEGYLMDKILMQVIFSLAKAGYPQYIEDIKERIRFDRELIP-GMSFVTTAV
XP_014806692.1	chr3	1.11e-18	98.2	87.037	58	107	28409998	28409837	IFHEICK----AGCPGSNQTLLLLRSCGALLPEVLSPERTELAHMIWDKMKELG	IYKEICGSVPLAGCPGSNQTLLLLRSCGALLPEVLSPERTELAHMIWDKMKELG
XP_014806692.1	chr3	1.13e-17	94.7	88.462	1134	1185	28341845	28341690	NNDLDAAVEYLEPLLISGAQNPDQAVRNISYLLRKVSEDGLEPALEKFGVMA	SNDLDAAVEYLEPLLISGAQNPDQAVKNISYLLRKVSEDGLEPALEKCKLIA
XP_014806692.1	chr3	1.96e-17	94.0	100.000	647	690	28385708	28385577	NMQKALEVKAKYEPDMVVGGYAALINLCCRHDNVEEAMNLKEKV	NMQKALEVKAKYEPDMVVGGYAALINLCCRHDNVEEAMNLKEKV
XP_014806692.1	chr3	3.72e-16	89.7	85.714	780	828	28374302	28374156	LITVHLEKDDMPAALEALITCYKKYGKILQLHNIYCRLIEKGDADLLQK	LVLFHSIRDDMPAALEALINCYKKYGKILQLHNIYCRLIEKGDADLLQK
XP_014806692.1	chr3	1.32e-14	84.7	95.238	197	238	28407526	28407401	DMKSAENILSVMRMAGVEPGPDTYLSLLNVYAEKGDADSIKK	DLKSAENILSVMRMAGVEPGPDTYLSLLSVYAEKGDADSIKK
XP_014806692.1	chr3	1.50e-14	84.7	63.235	798	865	28373836	28373645	ITCYKKYGKILQLHNIYCRLIEKGDADLLQKVSDFISREYGDMMALYDLFFAFLQTGKYKEARKVIET	ILVFRISAYILKYFNIFSALM----SFILSLVSDFISREYGDMMALYDLFFAFLQTGKYKEARKVIEV
XP_014806692.1	chr3	1.33e-13	81.3	86.364	521	564	28388579	28388448	CLTPPGPTEAVGYFLYHLIDSMSDSEVQAKEERLRQYFHQLKKM	CFLLFFSTEAVGYFLYHLIDSMSDSEVQAKEERLRQYFHQLKKM
XP_014806692.1	chr3	3.04e-13	80.1	97.368	1182	1219	28341540	28341427	GVMAERLASQFGIYRPVTDLFLQYVSADRVDDARSLIQ	GMMAERLASQFGIYRPVTDLFLQYVSADRVDDARSLIQ
XP_014806692.1	chr3	1.10e-12	78.6	80.952	995	1036	28351478	28351353	EAYHVFLKMQGKNGFHYRSYDTLIRALLAQNCLEEAMEVKRI	EAYDIFLKMQGKDGFHYRSYDTLIKALLTQSCLEEAIEVKRM
XP_014806692.1	chr3	1.01e-11	75.1	85.714	404	445	28399331	28399206	LKGIFEVLKVMHELGVELDAETYTDYVFKNFADRETLRAQLK	LIGIFEVLKVMHKLGVELDTETYTDYVFKNFPDSETARAQLK
XP_014806692.1	chr3	6.20e-09	65.9	96.774	887	917	28359127	28359035	QMETLEHLVELTQNLFECDRDEMYYYLLQLC	KMETLEHLVELTQNLFECDRDEMYYYLLQLC
XP_014806692.1	chr3	1.99e-08	64.3	100.000	167	196	28408100	28408011	SKILGFMKSKDLPITEAVFSSLVKGHARSG	SKILGFMKSKDLPITEAVFSSLVKGHARSG
XP_014806692.1	chr3	2.40e-08	63.9	78.049	1245	1285	28336874	28336761	AKKIETLLELIPEHLDMEIAYRYLMRCYELDGDVASVKAVY	AKKIETLLELIPEHLDMEIAYRYLMRCY---GNLLSLK*VF
XP_014806692.1	chr3	5.10e-08	63.2	70.000	679	718	28384246	28384127	NVEEAMNLKEKVFPKNSPVALDTGKYVALVEVLGKHGRVE	SVDTILNVLISSFPKNSPVALDTGKYIALVEVLGKHGRLE
XP_014806692.1	chr3	7.14e-08	62.4	86.275	1273	1323	28333117	28332965	ELDGDVASVKAVYEKIKAKDIQLHELSLKSLAAFLKKAGEPVPFTEPPESF	ELDGDVASVKAVYEKTKAKNIELPELSLKSLAAFLKKVGEPVPFTEPPVSI
XP_014806692.1	chr3	1.41e-07	61.6	90.323	446	476	28398591	28398499	KNDCLFETVGLSVAEIRYEAIHGRLDNVLSL	KNDCLFESVGLSVAEIRYEAAHGRLNNVLSL
XP_014806692.1	chr3	7.63e-07	59.3	85.185	862	888	28359465	28359385	VIETPGLRAHSGRLQWFAKKCISSNQM	ILQTPGLRAHSGRLQWFAKKCISSNQV
XP_014806692.1	chr3	1.56e-06	58.2	76.471	557	590	28388258	28388157	YFHQLKKMNIVIPATHYSGICRLLDSSQVPELMK	FFPHLLVQNIVIPTTHYSGICRLLDSSQVPELIK
XP_014806692.1	chr3	1.73e-04	51.2	83.673	609	654	28387055	28386909	SAKSDVSALEKKLEKRKAENQPITDVLKQLIHALCEEE---NMQKALEV	SAKSDASALEKKLEKRKAENQPITDVLKQLIHALCEEEVS*AMQR*LET
XP_014806692.1	chr3	3.62e-04	50.4	84.000	1220	1244	28338461	28338387	RCGALAEEKRTFVSFMARAATKPGQ	RCGALVEEKRTFVSFMARSASKPGE
XP_014806692.1	chr3	8.75e-04	48.9	86.957	509	531	28389753	28389685	KITELLYKDERYCLTPPGPTEAV	QITELLYKDERYCLTPPGPTGRV
XP_014806692.1	chr3	0.001	48.9	55.556	447	499	28395396	28395238	NDCLFETVGLSVAEIRYEAIHGRLDNVLSL-LSSASTPPIDIRQFRNSLIWGFK	NDTLF-T*RTDLLQFRDFFYDDYLETFLSFTVSSASTPPIDIRQFRNSLILGFK
XP_014806692.1	chr3	0.31	40.4	100.000	1037	1065	28347652	28347566	AETHIKGFTLNSAASSLLIISQVRRDYLK	AETHIKGFTLNSAASSLLIISQVRRDYLK
XP_014806692.1	chr3	9.5	35.8	83.333	1321	1338	28331659	28331606	ESFKFYVEKWRKKRMEAS	ESFKFYVEKWRKRRLEES
