XP_014810208.1	chr9	7.11e-125	414	86.404	1	228	30939274	30938591	MNNKISYLLNTVRCVHRCNSVLTPTSSATTRKHVLWIGRYRDPLENVNFRKLFLNISPSLRGSSLRFLSQKIDVFSTGAKIQPEKGTEALVSEQAPHSSSELEKLDDSGSSKGKHGIDYSEPFFASLQKCTCPSDVLDLAAESAVSIKHFTNSLTTIWKIFRNLSEDQQRYEKQLIFEHPAFVKLCQQLLRDSRRMTRGDLVFSLHAVVNLGVPQNTLLVQTLLRVCQ	MNNKISYLLYTVRCMHRCNSVLTPKSSATTRKHILWTGKYRDPLENVNFRRLFLNVSSSLHGSSLRFLSQNVDVFSTGAKIQPEKSTEALVSEQIPHSSLELEKLDDSGNFKKKRVVDRSEPFFDSLQKCTCPCDVLDLAAESAVSIKHFTNSLTMIWKLFKHLSEDQQRYEKQLIFEHPTFVKLCQQLLRDARRMTRGDLVFSLHAVVNLGVPQNTLLVQTLVRVCQ
XP_014810208.1	chr9	1.47e-33	143	88.158	498	573	30930512	30930285	LSDDLYKEQKEVMLRSVKACVELDSPSFTKPAFVLTESSSSLISLNLRKAREALIELLGDENMFQQNVQLPYKYHI	FSDDLYKEQKEVMLRTVKACMELDSPSFTKPAFVMTENSSSLVSLNLRKAQEALIELLGEENMFRQNVQLPYKYHI
XP_014810208.1	chr9	1.76e-24	115	94.737	388	444	30932089	30931919	MMLFLSAFETLGFQPSELMDIFAEKVTEDPEFLNLKNLLIVLRVYSRLNYIPRDQKH	IMLFLSAFETLGFQPSELMDVFAEKVTEDPEFLNLKNLLIVLRVYSRLNYIPRGQKH
XP_014810208.1	chr9	4.07e-23	110	96.296	446	499	30931526	30931365	FFETLHNCLNKYLPQISNTELLKAVYSLCILGYLPHRALDELLQKDSRDELFLS	FFETLHNCLNKYLPQISNTELLKAVYSLCMLGYLPHRALDELLQKDSRDELLLS
XP_014810208.1	chr9	6.76e-20	100	75.385	326	390	30932578	30932387	YCSVPILNACSKKIQENVHDVSFRHLILILEACYNLQYRNVKLFSAVADYVNSAACLWDKRQMML	HCFVSFVLFCSF-VTENVHDVSFRHLILILEACYSLQYRNVKLFLAVADYVNSTACLWDKRQVSL
XP_014810208.1	chr9	4.28e-14	81.6	97.368	602	639	30928124	30928011	RLAFLFVPLSAFCLGTTHPQGKLAVKKRHLNKLGYHVI	RLAFLFVPLSAFCLGTTHPQGKLAMKKRHLNKLGYHVI
XP_014810208.1	chr9	2.02e-13	79.3	90.244	300	340	30934917	30934795	MAVLKEIDHLTFPNALRMFLALDTMYYCSVPILNACSKKIQ	MAVLKEIDHLTFPNALRMFLALVAMKYCSIPILNACSKKIQ
XP_014810208.1	chr9	5.17e-12	74.7	65.517	622	679	30927603	30927430	GKLAVKKRHLNKLGYHVILVLNKKFQEMTNEDAVEFLKEKIYSENAFPLSEVTVQESN	G*FAKDSRTNVPFAFPFFQVPNRKFQEMTNEDAVEFLKEKIYSENAFPFSEVTVQDSN
XP_014810208.1	chr9	7.33e-12	74.3	68.519	262	315	30936568	30936413	LQLLVEQRIPNIRDIFILQNLMKCLGKDVPVFLKKKLEMAVLKEIDHLTFPNAL	IRLLVEQRIPSIRDIFILQNLIKCLGKDVPVFLKKKLEVNLVG--GSFLFPQSL
XP_014810208.1	chr9	2.50e-10	69.3	94.444	228	263	30938177	30938070	QEKLNQLDNRCISVLATTLAELEKDKNVSALQAGLQ	QEKLNQLDNRCISVLATTLAGLDKDKNVSALQAGLQ
XP_014810208.1	chr9	8.62e-09	64.3	71.698	574	624	30929301	30929143	DFEIRMDSDRKKVLPISATDDHADSSVQRLAF-LFVPLSA-FCLGTTHPQGKL	DFEIRMDSDRKKVLPISATDDHADSSVQRCLF*LHVFLAG*FFLYIFHPVTSL
XP_014810208.1	chr9	0.059	42.0	44.681	600	646	38628628	38628768	VQRLAFLFVPLSAFCLGTTHPQGKLAVKKRHLNKLGYHVILVLNKKF	VCRIALEFLNSKAFSINSRHLKGEPAVKKRHLEMLGYRVIQVSSQQY
XP_014810208.1	chr1	0.23	40.0	37.879	322	387	96924816	96924646	DTMYYCSVPILNACSKKIQENVHDVSFRHLILILEACYNLQYRNVKLFSAVADYVNSAACLWDKRQ	DTTYYCKLPDLNCCSLQILKRLHVV**RIFSRLTEACY---------LNAVSLYVVGGQCLATCKQ
XP_014810208.1	chr4	4.2	35.8	18.286	144	627	43966221	43967699	AVSIKHFTNSLTTIWKIFRNLSEDQQRYEKQLIFEHPAFVKLCQQLLRDSRRMTRGDLVFSLHAVVNLGVPQNTLLVQTLLRVCQEKLNQLDNRCISVLATTLAELEKDKNVSALQAGLQLLVEQRIPNIRDI----------------FILQNLMKCLGKDVPVFLKKKLEMAVLKEIDHLTFPNALRMFLAL-DTMYYCSVPILNACSKKIQENVHDVSFRHLILILEACYNLQYRNVKLFSAVADYVNSAACLWDKRQMMLFLSAFETLGFQPSELMDIFAEKVTEDPEFLNLKNLLIVLRVYSRLNYIPRDQKHLF---FETLHNCLNKY--LPQISNTELLKAVYSLCILGYLPHRAL-----DELLQKDSRDELFLSDDLYKEQKEVMLRSVKACVELDSPSFTK---PAFVLTESSSSLISLNLRK--AREALIE-------LLGDENMFQQNVQLPYKYHIDFEIRMDSDRKKVLPISATDDHADSSVQRLAFLFVP--LSAFCLGTTHPQGKLAVK	SVAVRKGSQSPGTITDYFCRLSRLPVEQHAVLVSEL-RFNTLCRCAVKNITLFSTSDLIDILKACVRLVVPP----THPLLNACENEF------CRRVWDMNLDQL-------LLVADCWRCLERSVPSYLSILFSYANMHWKDLTLPQFVQLVYIIGEGRRSPADLTQKMENMILKYLDSFTLEEVGAVCLGLFKSLSGISDHIMRKIADRVSLQMEDMSTYALVNVLKMLRYTRMDHLPVMKELGKVIPARIPTINIQGIMHITLTCSSLHYFDEGIMAAVAMSLPSKVTYCRSKDAAKFLWSFGCLDYEPPNEEEFYSSLIEQMHRKLHEFRKFPE----HLLTGLLGLAFVKRFPEELIDYALRDEFVQKTRSSKYELKKDLF---------TLSKSVEIECPSYQGNRLPPQLYEEVTEMVLNFAEQEIYVRPEIVEAVSLLQSMLGGPEYVKNHMILPHTRSSDLEVHLAMDGHPI-PFNLKNPIADKKLKDIGVSLTDDLMTQLIKGTSNNQSSVEVE
XP_014810208.1	chr12	7.8	35.0	32.941	198	273	4262381	4262133	RGDLVFSLHAVVNLG----VPQNTLLVQTLL----RVCQEKLNQLDNRCISVLATTLAELE-KDKNVSALQAGLQLLVEQRIPNI	KGGFIFSIFKTIQLG*AV*MKLRTLLKRGLLFFSPKLIQEKLT--SRRVISECCKIAAAFAFKGTSVSAIQAG*EITVQQKGTNV
