XP_014814813.1	chr13	6.28e-18	89.0	91.111	258	302	17750990	17750856	QVQHLDALSGEDLLLTGEVTWRPLVENDARSILKPRSPVYNDEGL	QVQHLDALSGEDLLLTGEVSWRPLVESNARSILKPHSPVYNDEGL
XP_014814813.1	chr13	7.43e-17	85.9	95.122	221	261	17753924	17753802	GILSDDHVLAAALWRNLFNRNCEDPRHLELLVEYVRKQVQH	GILSDDHVLAAALWRNLFNRNCEDPRHLELLVEYVRKQVKY
XP_014814813.1	chr13	9.14e-16	82.4	94.737	159	196	17773103	17772990	MCLVRMKQEGRTGKYMCRYIVHCMWEDVEQRGKVMGIN	MCLVRMKQEGRTGKYMCRYIVHCMWEDVEQRGKVMGVS
XP_014814813.1	chr13	5.22e-14	77.0	91.892	78	114	17790519	17790409	KHLTAKDSLQPSEEKVGAFTRIIEALGFTGPLKYSRW	QHLSAKDSLQPSEEKVGAFTRIIEAMGFTGPLKYSRW
XP_014814813.1	chr13	1.60e-07	57.4	89.655	192	220	17755429	17755343	VMGINSVALKEDLRSMVENFYAALFGYDE	IFQINSVALKEDLRSMVENFYAALFGYDE
XP_014814813.1	chr13	2.10e-07	57.0	64.583	32	78	17794251	17794108	GQHGRMLSGIFQ-RHKTVQFPLSKSCDGLIQANRAITQQSRSFYNTNK	GQCSFFFSAAFP*RHKAGQFRLSTSCAGLIKANGAITQQNRSFYNTNK
XP_014814813.1	chr13	2.08e-06	53.9	100.000	115	138	17787630	17787559	KIKVAALRMYTCCVEKTDYEEFFN	KIKVAALRMYTCCVEKTDYEEFFN
XP_014814813.1	chr13	6.79e-04	46.2	100.000	140	158	17781462	17781406	CQMPDTLNSWFLVAQLHVW	CQMPDTLNSWFLVAQLHVW
XP_014814813.1	chr13	0.002	44.3	68.571	9	43	17795891	17795787	SCQTGVTQWAAACTGFLQTATGQGQHGRMLSGIFQ	SCQTGVTQRIAACSGLLQTTAVQGQCRWMLCGIFQ
XP_014814813.1	chr12	3.6	34.3	33.333	17	82	29058602	29058411	WAAACTGFLQTATGQGQHGRMLSGIFQRHKTVQFPLSKSCDGLIQANRAITQQSRSFYNTNKHLTA	WKAAISGAKPGASRGGRAGPCSGGCIQQHK*QMLPGSDCCGGLSGENAAMS--CRCFFYNNQTVLA
XP_014814813.1	chr7	4.9	33.9	32.609	256	301	21803955	21803818	RKQVQHLDALSGEDLLLTGEVTWRPLVENDARSILKPRSPVYNDEG	RKQNQTLASLLFQLII*TNSISSKPF*ENNWRTFAKPKQPFFSCQG
