XP_014800176.1	chr8	4.84e-102	363	92.929	1	198	34358018	34358611	MRRLPWRGSVGGCAAARGSKPQRCTSSSSASHPLPESPGQEPGKGQRRMNPLNIQMLSKTLHEQIFRGAQVCYSAADIQRSVEHLQRHDLWGKETSTLPDVDLQLPRMYGDNIDEHFRLLAQKQSLPYLEAANELLRCELPPVPAQWAWQLGWTRYGPDGQAEAVDFPEERAVVLDVEVCVADGHCPTLAVAVSPHAW	MRRLPWRRSVRGCAAFHGSRPRRCTSSSSASCPLLENPSQEPAKGQRRMNPLNIQMLSKTLHEQIFRGAQVHYSAAEIQRSVEHLQRHDLWGKETSTLPDVDLQLPRMYGDNIDEHFRLLAQKQSLPYLEAANELLRCELPPVPMQWAWQLGWTRYGPDGQAEAVDFPEERAVVLDVEVCVADGHCPTLAVAVSPHAW
XP_014800176.1	chr8	1.42e-71	200	93.333	889	993	34364194	34364505	GCTAFGWMTLQGKKSNATDLHSKTAATVGISREHAKVFNYGRIYGAGQPFAERLLMQFNHRLTQQQAREKAQQMYAVTKGVRRWVLPLGEAEGERGQGWRLCPMG	GCTAFGWMTLQGKKSNATDLHSKTATTVGISREHAKVFNYGRIYGAGQPFAERLLMQFNHRLTQQQAREKAQQMYAVTKGVRRWVLR-GEVEGERGRGWWPCPMG
XP_014800176.1	chr8	1.42e-71	95.5	90.196	843	893	34363953	34364105	RADRVGSELKAMVQVPPGYSLVGADVDSQELWIAAVLGEAHFAGMHGCTAF	QADRVGSELKAMVQVPPGYSLVGADVDSQELWIAAILGEAHFAGMHGETGL
XP_014800176.1	chr8	3.96e-50	117	100.000	732	785	34362931	34363092	KDGNDNNVGSPFAKDFLPQMEDGTLRAAVGRTHGTRALEINKMISFWRNAHKRI	KDGNDNNVGSPFAKDFLPQMEDGTLRAAVGRTHGTRALEINKMISFWRNAHKRI
XP_014800176.1	chr8	3.96e-50	84.7	95.122	804	844	34363363	34363485	RHPDYNEEDEYGAILPQVVTAGTITRRAVEPTWLTASNARA	RHPDYNEEDDYGAILPQVVTAGTITRRAVEPTWLTASNARV
XP_014800176.1	chr8	3.96e-50	43.1	84.615	786	811	34363212	34363280	SSQMVVWLKKGELPRVVTRHPDYNEE	SSQMVVWLKKGELPRVVTR---YGEE
XP_014800176.1	chr8	1.93e-38	162	62.893	395	509	34360817	34361287	RCPHPVTFAGMLEMGVSYLPVNGNWKRYLDDAQGIYEELQKEMKKSLMNLANEACQLLHEE--------------------------------------------RYKDDPWLWDLEWDTQEFKQKKNPGKKKKKGQDTEVSKASVVAAGTDESAQEWQ	RCPHPVTFAGMLEMGVSYLPVNGNWKRYLDDAQGIYEELQKEMKKSLMNLANEACQLLHEERYLRAEGAGPASFRVEARS*VVPGGLWAGAGEGNKAAV*QQCVGRYKDDPWLWDLEWDTQEFKQKKNPGKKKKGQAGN--NKASVAVAGADGSVEECQ
XP_014800176.1	chr8	5.28e-36	154	90.909	551	627	34361697	34361927	PGWYRKLCLRLEDAGWVPGPSLISLQMRVTPKLMRLAWDGFPLHYSEKHGWGYLVPGRQDNLPATPLDMEGPPCPHR	PSWYRKLCPRLEEAGWVPGPSLISLQMRVTPKLMRLAWDGFPLHYSEKHGWGYLVPGRQDNLPEGPLELEGPPCPHR
XP_014800176.1	chr8	2.29e-34	149	76.768	1084	1176	34365883	34366173	SPQTPVLGCHISRALEP------AVAKGEFLTSRVNWVVQSSAVDYLHLMLVAMKWLFEEFDINGRFCISIHDEVRYLVQEQDRYRAALALQITNLLTR	SPRSSLLYRY--QALDPDVL*HLSVSFHQFLTSRVNWVVQSSAVDYLHLMLVAMKWLFEEFDINGRFCISIHDEVRYLVQHQDRYRAALALQITNLLTR
XP_014800176.1	chr8	3.33e-29	132	66.355	199	302	34358924	34359244	YSWCSRRLLEQRYSWSSHLTLADLIPLESPAAASCAGKQDWQERVVVGHNVAFDRAFIKEQYLIQ--GSRVRFLDTMSMHMAISGLTGFQRSLW-MAAKQGKRKGLQ	YSWCSKRLLEQRYSWSSHLTLADLIPLESPAGTSCAGKQDWPERVVVGHNVAFDRAFIKEQYLIQVICSAVALCWQLQFITRVVICAGFSGLLWHVLAGSHPAGGLQ
XP_014800176.1	chr8	2.23e-26	123	85.294	1165	1231	34367506	34367709	ALAL-QITNLLTRCMFAYKLGLQDLPQSVAFFSAVDVDQCLRKEVTMNCVTPSNPTGMEKKYGIPQGE	CLALSHLISCSSRCMFAYKLGLQDLPQSVAFFSAVDVDQCLRKEVTMNCMTPSNPTGMEKKYGIPQGE
XP_014800176.1	chr8	8.32e-26	121	41.629	521	670	34361537	34362196	LKAPASQVCLERLKETVELQPKRLQHLPGH------PGWYRKLCLRLED--------AGWVPGPSLISLQM---------------------RVTPKLMRLAWDGFPLHYSEKHGWGYLVPGRQDNLPAT----------------------------PLDMEGPPC--------PHRVIEYLYRQYCLEKGKEQPPGLDAATEDELLVMDGSTIWQKVEE	LKAPASQVCLERLKETVVLQPKRLQHLPGHPG*VGDPGCPQGLPCAL*PILAAPQLVPQAVPTPGGGGMGAGTQPHQPADEGDPKADAPGLGRLPPPLLREAWLGLPGARAAGQFAGRPLGVGGSSLPTQVRGM*RGSELGAAPWGGSGDSQDPAQVLPLSL-GPHCGCVSSALSPARVIEYLYRQHCLDKGKEQPPGLDAAMEDELLVMDGSTMWQKVKE
XP_014800176.1	chr8	7.97e-25	118	94.915	1049	1107	34365521	34365697	RSRKKKKWDVVLHRVWAGGTESEMFNKLESIALSPSPQTPVLGCHISRALEPAVAKGEF	RSRRKKKWDVVQHRVWAGGTESEMFNKLESIALSPSPQTPVLGCHISRALEPAVAKGEV
XP_014800176.1	chr8	3.20e-24	116	93.220	263	321	34359475	34359651	QGSRVRFLDTMSMHMAISGLTGFQRSLWMAAKQGKRKGLQQVKEHMKKTRSKTEGPAIT	QGSRVRFLDTMSMHMAISGLTGFQRSLWMAAKHGKRKGLQQVKEHMKKTRSKMEGPAVS
XP_014800176.1	chr8	3.49e-20	102	95.918	320	368	34359904	34360050	ITSWDWVHVSSINNLADVHALYVGGEPLEKEARELFVKGTMADIRSNFQ	VTSWDWVHVSSINNLADVHALYVGGEPLEKEARELFVKGTMADIRSHFQ
XP_014800176.1	chr8	4.29e-20	80.9	79.070	690	732	34362556	34362684	VQDEMDELYELGEVRSQPLYHHGNGPYNDVNIPGCWFFKLPHK	LQEELDGLCELMEARSQPLYHHGNGPYNDVNVAGCWFFKLPHK
XP_014800176.1	chr8	4.29e-20	42.7	81.481	667	693	34362375	34362455	KVEELSRLEVDVEEKMSRADQSLVQDE	QVEELSQLEVDVEEKMGRADQSLAQVE
XP_014800176.1	chr8	1.04e-12	78.2	76.471	999	1049	34365088	34365234	VWVTLSRSSRFHLSEDGEWLVKKLDLAVDRAKDGSVSVQDVHRLQREAMKR	VWVTLP--SRFHLSEDGEWLVRELNLSVDRAEDGSVSAQDVQQLQREAIKR
XP_014800176.1	chr8	2.18e-07	60.8	96.429	368	395	34360269	34360352	QDLMSYCARDVQATHEVFQEQLPLFMER	QDLMSYCARDVQATHEVFREQLPLFMER
XP_014800176.1	chr8	0.11	42.0	100.000	1230	1249	34368797	34368856	GEALDIYQLIEITKGSLEKK	GEALDIYQLIEITKGSLEKK
XP_014800176.1	chr20	1.3	38.5	30.303	1080	1143	66032	66229	ALSPSPQTPVLGCHIS--RALEPAVAKGEFLTSRVNWVVQSSAVDYLHLMLVAMKWLFEEFDINGR	ALLPAPSVPSVGSHLAP*TCVCPGVGAGPLPSPFGLWGLHSDSCPYLHIPIYMALRLLPAFDLSGR
