XP_030139633.1	chr6	3.26e-58	163	94.048	313	396	30712706	30712455	KISFDLSLARGLDYYTGVIFEAVLLQQENEHVEEPVSVGSVAGGGRYDGLVGMFDPKGRKVPCVGVSIGIERIFSILEQRLEAS	QISFDLSLARGLDYYTGVIFEAVLLQQENDHVEEPVSVGSVAGGGRYDGLVGMFDPKGRKVPCVGVSIGIERIFSILEQRVEVG
XP_030139633.1	chr6	3.26e-58	86.3	93.182	271	314	30712933	30712802	GGLDLIEQLLQDPKLSQNKVAKEGLGDMKLLFEYLTLFGITGKI	GGLDLIERLLQDPKLSQNKLAKEGLGDMKLLFEYLTLFGITGKV
XP_030139633.1	chr6	8.74e-58	162	92.857	313	396	30716016	30715765	KISFDLSLARGLDYYTGVIFEAVLLQQENEHVEEPVSVGSVAGGGRYDGLVGMFDPKGRKVPCVGVSIGIERIFSILEQRLEAS	QISFDLSLARGLDYYTGVIFEAVLLQQENDHVEEPVSIGSVAGGGRYDGLVGMFDPKGRKVPCVGVSIGIERIFSILEQRVEVG
XP_030139633.1	chr6	8.74e-58	85.9	93.182	271	314	30716243	30716112	GGLDLIEQLLQDPKLSQNKVAKEGLGDMKLLFEYLTLFGITGKI	GGLDLIERLLQDPKLSQNKLAKEGLGDMKLLFEYLTLFGITGKV
XP_030139633.1	chr6	1.44e-57	162	92.857	313	396	30729527	30729276	KISFDLSLARGLDYYTGVIFEAVLLQQENEHVEEPVSVGSVAGGGRYDGLVGMFDPKGRKVPCVGVSIGIERIFSILEQRLEAS	QISFDLSLARGLDYYTGVIFEAVLLQQENDHVEEPVSIGSVAGGGRYDGLVGMFDPKGRKVPCVGVSIGIERIFSILEQRVEVG
XP_030139633.1	chr6	1.44e-57	85.1	93.182	271	314	30729754	30729623	GGLDLIEQLLQDPKLSQNKVAKEGLGDMKLLFEYLTLFGITGKI	GGLDLIERLLQDPKLSQNKLAKEGLGDMKLLFEYLTLFGITGKV
XP_030139633.1	chr6	1.62e-20	100	92.308	432	483	30710334	30710179	IKAEMLYKKNPKLLNQLQYCEETGIPLVAIVGEQELKDGVVKLRIVATREEV	FQAEVLYKKNPKLLNQLQYCEETGIPLVAIVGEQELKDGVVKLRVVATREEV
XP_030139633.1	chr6	4.42e-18	92.8	97.619	129	170	30722944	30722819	VPFARYLAMNKITNIKRYHIAKVYRRDNPAMTRGRYREFYQC	VPFARYLAMNKIINIKRYHIAKVYRRDNPAMTRGRYREFYQC
XP_030139633.1	chr6	1.86e-17	90.9	92.857	129	170	30731791	30731666	VPFARYLAMNKITNIKRYHIAKVYRRDNPAMTRGRYREFYQC	VPFARYLAMNKITNMKRYHVAKVYRRDNPATTRGRYREFYQC
XP_030139633.1	chr6	4.52e-17	89.7	84.615	434	485	30728082	30727927	AEMLYKKNPKLLNQLQYCEETGIPLVAIVGEQELKDGVVKLRIVATREEVNV	AEMFYKKDPKLLKQLQYCEDTGIPLVAIVGEQELTDGVVKLRDVATREEVKM
XP_030139633.1	chr6	5.60e-15	83.2	90.698	165	207	30731503	30731375	REFYQCDFDIAGQFDPMIPDAECLKIVHEILSDLQLGDFVIKV	RFFYPQDFDIAGQFDPMIPDAECLKIVHEILSDLQLGDFLIKV
XP_030139633.1	chr6	5.80e-15	83.2	80.000	52	96	30723900	30723766	LKTPKGTRDFGPKEMAIRERAFKAIISCFKRHGAEVIDTPVFELK	LVSPQGTRDYSPKQMAIRERVFNAIITCFKRHGAEVIDTPVFELK
XP_030139633.1	chr6	5.89e-14	80.1	75.000	374	433	30711260	30711084	PCVGVSIGIERIFSILEQRLEASEEKIRTTETQVLVASAQKKLLEERLKLISELWDAGIK	SCSLVSLYVHGIF*VL-SLF*ASEEKIRTTETQVLVASAQKKLLEERLKLISELWDAGIK
XP_030139633.1	chr6	3.02e-13	77.8	68.421	171	227	30720735	30720565	DFDIAGQFDPMIPDAECLKIVHEILSDLQLGDFVIKVNDRRILDGMFAVCGVPDSKF	DFDIAGHFDPMIPDAECLKIVHEILSDLQLGDFLIKVRPGRFLCATVGSSGCCSCSF
XP_030139633.1	chr6	3.14e-12	74.3	97.143	206	240	30719186	30719082	KVNDRRILDGMFAVCGVPDSKFRTICSSVDKLDKV	QVNDRRILDGMFAVCGVPDSKFRTICSSVDKLDKV
XP_030139633.1	chr6	1.61e-11	72.0	82.927	231	271	30716509	30716393	CSSVDKLDKVPWEEVRSEMVGEKGLSPEAADRIGEYVQLHG	CSSLP--SQMPWEEVRSEMVGEKGLSPEAADRIGEYVQLHG
XP_030139633.1	chr6	1.17e-09	66.2	87.179	92	130	30723590	30723474	VFELKETLTGKYGEDSKLIYDLKDQGGELLSLRYDLTVP	VLVL*ETLMGKYGEDSKLIYDLKDQGGELLSLRYDLTVS
XP_030139633.1	chr6	1.71e-09	65.5	65.957	227	271	30730826	30730686	FRTICSSVDKLD--KVPWEEVRSEMVGEKGLSPEAADRIGEYVQLHG	MRVSCSSRGSSFPLQIPWQDVKNEMVGEKGLSPEAADRIGEYVQLHG
XP_030139633.1	chr6	5.47e-09	63.9	78.049	393	433	30728498	30728376	LEASEEKIRTTETQVLVASAQKKLLEERLKLISELWDAGIK	LQASGEKVRATETQVLVATPQKHLLTARLKLISELWDAGIK
XP_030139633.1	chr6	6.12e-09	63.9	53.333	88	147	30733541	30733371	IDTPVFELKETLTGKYGEDSKLIYDLKDQGGELLSLRYDLTVPFARYLAMNKITNIKRYH	FSSPLVSPQETLMGKYGEEAKLIYELQDQGGELLALRYDLTV---SCTALAEGTVAHRGH
XP_030139633.1	chr6	2.57e-08	62.0	74.286	206	240	30731195	30731091	KVNDRRILDGMFAVCGVPDSKFRTICSSVDKLDKV	QVNDRRILNGVFAICGIPESKFITTCSTVDKLDKV
XP_030139633.1	chr6	4.64e-08	60.8	90.909	26	58	30725874	30725776	EIAKEVAKLLEMKAQLGTDEGKHKFVLKTPKGT	QIAKEVAKLLEMKAQLGGDEGKHKFVLKTPKVT
XP_030139633.1	chr6	0.13	40.0	66.667	76	96	30734138	30734076	IISCFKRHGAEVIDTPVFELK	VVACFKRHGAAAIDTPVLELR
XP_030139633.1	chr6	3.5	35.4	94.444	483	500	30709145	30709092	VNVRRESLVEEIRIRTSQ	VNVRRESLVEEIRMRTSQ
XP_030139633.1	chr24	1.2	37.0	51.163	17	59	1301987	1301862	LKQDKADAEEIAKEVAKLLEMKAQLGTDEGKHKFVLKTPKGTR	LKANKAEKAQVDAEVAKLLELKKQLAVAEGKSPEV-PVPKGKR
XP_030139633.1	chr4	8.7	34.3	39.474	171	208	12071950	12071837	DFDIAGQFDPMIPDAECLKIVHEILSDLQLGDFVIKVN	TFDSGLLQGPMCP*ATCLELVHSVTTPIKIGQ*IIKVN
