XP_014820537.1	chrZ	3.17e-31	130	79.012	301	381	28033326	28033084	IEFCEQVLATVREKMEENPDLSAKLGDIYMKLKASGRITMCTLEDMLFQIPSSKKIPAKLLHQKQLGYQAAKALRSNLLLE	LSFSPP*LATIKEKMEENPDLSAKLRDIYTKLQASGQITICTLEDMLFQIPSSKKTPAKLLNQKQLGYKAAKPLRSNLLLE
XP_014820537.1	chrZ	3.61e-17	88.6	85.714	67	115	28044370	28044224	DPYFKSIKEKLKKNGIILRNELKNLLHLCQTSSDVELAREAIYRYHEQN	DPYFKNIKEKLKKNGMILKNELKNLLHLCQTSSDVELARKAIYRYF*QS
XP_014820537.1	chrZ	8.34e-17	87.4	100.000	110	148	28043398	28043282	RYHEQNGITALHNFKFGPLFMRLCYELDLERPAVELIKD	RYHEQNGITALHNFKFGPLFMRLCYELDLERPAVELIKD
XP_014820537.1	chrZ	9.65e-12	71.6	89.474	207	244	28037277	28037164	DNLEACKISAKLLEEAQLRGDTLPLRALCFAVATSLKQ	DNLESCKISEKLLEEAQLKGDTLPLRALCFAVATALKQ
XP_014820537.1	chrZ	1.85e-11	70.9	85.366	269	309	28034724	28034602	KVLVQLRSGSLEEVIKILEAAVEEDTPPFVKKIEFCEQVLA	KVLVQLRSGLLEDVIKILEAAVEEGTSPFVKKIEFCEQVVS
XP_014820537.1	chrZ	5.27e-10	66.2	96.774	36	66	28046672	28046580	GKRYLLTEDDIKLQEFQQMKVTIRNEVHGNK	GKRYLLTEDDIKLQEFQQMKVAIRNEVHGNK
XP_014820537.1	chrZ	3.94e-09	63.5	83.333	174	209	28040606	28040499	FESAFEVLLEMKKQGIPFNKETYLLAFAICYKLDNL	FLGAFEVLVEMKKQGIPFNKETYLLAFAICYKLVSI
XP_014820537.1	chrZ	6.54e-08	59.7	90.323	150	180	28041855	28041763	NLRGFFSESTSFHILMTMLFKKGHFESAFEV	NLRGFFSESTSFHILMTMLFKKGHFESKYCV
XP_014820537.1	chrZ	8.30e-06	53.1	96.000	246	270	28035593	28035519	DVAQAKFYCSQILKTENKLYNNLKV	DVAQAKFYCSQIVKTENKLYNNLKV
XP_014820537.1	chr2	1.9	35.8	32.895	30	100	87602879	87602655	W--GCAPGGKRYLLTEDDIKLQEFQ---QMKVTIRNEVHGNKDPYFKSIKEKLKKNGIILRNELKNLLHLCQTSSD	WFVSSAPSGAFVLTPSDD*ERSLFYFIPALEVTIRGILYGNKVYNFYTIFFSYKRNEIV-SHMLTNILHLNRNTTE
XP_014820537.1	chr2	7.1	33.9	36.364	213	256	99777181	99777050	KISAKLLEEAQLRGDTLPLRALCFAVATSLKQNDVAQAKFYCSQ	RLSAQRGEPIILRGNSFPLHSLSLKLKTRRKENENEMPLLYCSQ
