XP_009892938.1	chr9	2.06e-24	73.2	66.102	9	67	36234382	36234549	KTHHIHTVLPLEGGVLEPFPCTSPALSYKGYLSPDGKASTATGKRFLPHTDESEPEPRG	QTCHIQTASPLEGGALQPFSSTGPVLSYKCYRSPDGKAS---GKRFLPRTDEFEPETWG
XP_009892938.1	chr9	2.06e-24	62.8	78.378	66	102	36234542	36234652	RGETGLLPEGLDGPAICRVYPVAWFQLFRAVPHVSAG	RGEMGLLPEGLDGTAVGRAYPVAWFQPFRAEPRVSAG
XP_009892938.1	chr9	1.24e-16	86.3	91.781	262	333	36302358	36302576	GNSTLNGAQNTVSRLALREFQTSAISRDIDTAAKFIGAGAATVGVAGSGAGIGTVFGSLIIGYAR-NPSLKQQ	GNSTLNGAQNTVSRLALREFQTSAVSRDIDTAAKFIGAGAATVGVAGSGAGIGTVFGSLIIGYAR*SISLSQN
XP_009892938.1	chr9	1.09e-13	77.4	100.000	326	363	36303943	36304056	RNPSLKQQLFSYAILGFALSEAMGLFCLMVAFLILFAM	RNPSLKQQLFSYAILGFALSEAMGLFCLMVAFLILFAM
XP_009892938.1	chr9	1.19e-09	65.1	58.929	167	222	36267769	36267936	QRGIDLKTLDFNPLSTDVNGKITTCFSGGGLGSLPTITFWCSRRRPRLLSVNHALL	REGIDSKI*DFNPLSTDMNGKITTHFRGGGLGSLPAIMFWYFGQIPLPLTLMATFL
XP_009892938.1	chr9	6.87e-07	56.2	75.000	235	274	36301907	36302014	QIRAGSRVLYRPISASVLSRPEVKNGEGNSTLNGAQNTVS	QIRAGSRVLYRPISASVLSRPEIKNGE----VPYKQNSVS
XP_009892938.1	chr9	1.86e-04	48.5	72.222	125	160	36253711	36253818	RSEGGLQQVKAQGAKLSQSQKDSLTFPLNITDKAQG	RSEGGPQLLKIQGAKLL*SQKDALTFPANITYKTQG
XP_009892938.1	chr24	3.33e-19	78.6	97.436	325	363	819910	820026	ARNPSLKQQLFSYAILGFALSEAMGLFCLMVAFLILFAM	GRNPSLKQQLFSYAILGFALSEAMGLFCLMVAFLILFAM
XP_009892938.1	chr24	3.33e-19	40.0	68.000	279	327	819687	819836	REFQTSAISRDIDTAAKFI-GAGAATVGVAGSGAGIGTVFGSLIIGYARN	RAIQTSAAHRDIDTAAKFIGAGAATVGVAGXSGAGIGTVFGSLIIGYARS
XP_009892938.1	chr24	8.8	33.5	57.143	234	261	819385	819468	LQIRAGSRVLYRPISASVLSRPEVKNGE	LQVRRSSRVLCQPLSASVLSIPEARTEQ
XP_009892938.1	chr19	1.23e-13	77.4	97.436	325	363	7015656	7015772	ARNPSLKQQLFSYAILGFALSEAMGLFCLMVAFLILFAM	SRNPSLKQQLFSYAILGFALSEAMGLFCLMVAFLILFAM
XP_009892938.1	chr19	4.75e-06	53.5	92.308	275	326	7014958	7015113	RLALREFQTSAISRDIDTAAKFIGAGAATVGVAGSGAGIGTVFGSLIIGYAR	QLTRREFQTSAVSRDIDTAAKFIGAGAATVGVAGSGAGIGTVFGSLIIGYAR
XP_009892938.1	chr19	2.9	35.0	57.143	234	261	7014580	7014663	LQIRAGSRVLYRPISASVLSRPEVKNGE	LQFRCCSRALARPVSVSVFSRPEVQTVQ
XP_009892938.1	chr13	3.4	35.0	33.000	4	92	16494312	16494016	DRNRLKTHHIHTVLPLEG----GVLEPFPCTSPALSYKGYLSPDGKASTA---TGKRFLPHTDESEPE----PRGETGLLPEGLDGPAICRVYPVAWFQL	DREHQYQQGHHRRIPSAGSQGAGTFPP-GCTYSAKHGRGESSKGKKRHCTVLPTGHRFFEGTRESFPELCQAQSCRKGFLQQGDDFMAVFRSSPLSWFQL
XP_009892938.1	chr5	5.1	34.3	33.824	179	243	52579146	52579349	PLSTDVNGKITTCFSGGGLGSLPTITFW--CSRRRPRLLSVNHALLAPEAFRFFF-FLLQIRAGSRVL	PMARDPQKPLGSPQPSGDMPSERDLSAWLQCARSEPRDKSAAGATLPPEAVKGFFSILLQIQLDRRFL
XP_009892938.1	chr21	6.8	33.9	35.000	154	210	6448085	6448264	ITDKAQGAYAVWVQRGIDLKTLDFNPLSTDVNGKITTCFSGGGLGSLPTITFW---CSRR	LRKSAVGPWSQWWL*GWSQPFLVFFPPILQVQGQLQPFFWGGGGGVHPFCRFWRWFCSRR
