XP_015155836.1	chr24	4.84e-22	78.6	97.436	129	167	819910	820026	ARNPSLKQQLFSYAILGFALSEAMGLFCLMVAFLILFAM	GRNPSLKQQLFSYAILGFALSEAMGLFCLMVAFLILFAM
XP_015155836.1	chr24	4.84e-22	47.4	64.912	76	131	819666	819836	QVHPSARRTIVTSVARRDIDTAAKF-IGAGAATVGVAGSGAGIGTVFGSLIIGYARN	QVRPGAPRAIQTSAAHRDIDTAAKFIGAGAATVGVAGXSGAGIGTVFGSLIIGYARS
XP_015155836.1	chr24	0.005	41.2	74.194	51	80	819391	819483	VWRSPRVLCQPLSASLLSISNARMEQV-HPS	VRRSSRVLCQPLSASVLSIPEARTEQVMHPD
XP_015155836.1	chr24	0.15	37.0	66.667	25	51	818767	818856	ASCVPHVCP---SSLTMYACTKFVTVPALV	SSCVLRVCPCVPPSLTMYACAKFVSAPALV
XP_015155836.1	chr9	2.01e-15	77.4	100.000	130	167	36303943	36304056	RNPSLKQQLFSYAILGFALSEAMGLFCLMVAFLILFAM	RNPSLKQQLFSYAILGFALSEAMGLFCLMVAFLILFAM
XP_015155836.1	chr9	3.22e-04	44.7	63.415	57	137	36302331	36302576	VLCQPLSASLLSISNARMEQVHPSARRTIVTSVARRDIDTAAKFIGAGAATVGVAGSGAGIGTVFGSLIIGYAR-NPSLKQQ	MLCRVLFS*GNSTLNGAQNTVSRLALREFQTSAVSRDIDTAAKFIGAGAATVGVAGSGAGIGTVFGSLIIGYAR*SISLSQN
XP_015155836.1	chr19	4.09e-15	76.3	97.436	129	167	7015656	7015772	ARNPSLKQQLFSYAILGFALSEAMGLFCLMVAFLILFAM	SRNPSLKQQLFSYAILGFALSEAMGLFCLMVAFLILFAM
XP_015155836.1	chr19	0.001	42.7	87.755	82	130	7014967	7015113	RRTIVTSVARRDIDTAAKFIGAGAATVGVAGSGAGIGTVFGSLIIGYAR	RREFQTSAVSRDIDTAAKFIGAGAATVGVAGSGAGIGTVFGSLIIGYAR
XP_015155836.1	chr15	0.24	36.2	32.787	23	83	6349292	6349113	RCASCVPHVCPSSLTMYACTKFVTVPALVWRSPRVLCQPLSASLLSISNARMEQVHPSARR	RCWTCLHHVCSHHQDLRQETR-TPMPALLWHREHLFCQYPEASHNSTARSRYSFTHPGPGR
XP_015155836.1	chrZ	6.1	32.0	30.909	28	82	11933823	11933987	VPHVCPSSLTMYACTKFVTVPALVWRSPRVLCQPLSASLLSISNARMEQVHPSAR	IPYYLPALLYVWKWTQEVVLPALAWDSDKADCITFSISKMGTTLAQTIGTSPSHR
XP_015155836.1	chr3	9.1	31.6	34.375	30	61	67817370	67817275	HVCPSSLTMYACTKFVTVPALVWRSPRVLCQP	NVCPHALCLYACTQLNIFQNIYYRHQKI*CKP
